,completeness,energy-kcal_100g,energy_100g,fat_100g,saturated-fat_100g,carbohydrates_100g,sugars_100g,proteins_100g,salt_100g,sodium_100g
0,0.3,0.0,0.0,0.0,0.0,0.0,0.0,0.0,0.0,0.0
1,0.2625,165.0,690.0,2.0,2.0,65.0,12.6,1.5,0.0,0.0
2,0.4875,0.0,0.0,1.4,0.9,9.8,9.8,2.7,0.1,0.04
3,0.575,57.0,238.0,0.2,0.1,3.9,3.9,10.0,0.09,0.036
4,0.275,375.0,1569.0,7.0,3.08,70.1,15.0,7.8,1.4,0.56
5,0.2625,0.0,0.0,0.0,0.0,0.0,0.0,0.0,0.0,0.0
6,0.275,163.9,685.8,1.9,1.0,0.0,0.0,15.3,1.1,0.44
7,0.375,194.0,812.0,11.0,3.9,5.7,0.05,18.0,0.0,0.0
8,0.375,874.9,3661.0,15.1,6.1,2.6,1.0,15.7,2.1,0.84
9,0.275,0.0,0.0,0.0,0.0,0.0,0.0,0.0,0.0,0.0
10,0.3,0.0,0.0,0.0,0.0,0.0,0.0,0.0,0.0,0.0
11,0.7625,0.0,936.0,8.2,2.2,29.0,22.0,5.1,4.6,1.84
12,0.275,21.0,88.0,0.0,0.0,4.8,0.4,0.2,2.04,0.816
13,0.275,60.0,251.0,3.0,1.0,10.0,3.0,2.0,1.15,0.46
14,0.175,0.0,0.0,0.0,0.0,0.0,0.0,0.0,0.0,0.0
15,0.275,52.0,218.0,0.5,0.1,12.0,11.0,0.5,0.0,0.0
16,0.175,0.0,0.0,0.0,0.0,0.0,0.0,0.0,0.0,0.0
17,0.175,0.0,0.0,0.0,0.0,0.0,0.0,0.0,0.0,0.0
18,0.1625,0.0,0.0,0.0,0.0,0.0,0.0,0.0,0.0,0.0
19,0.1625,0.0,0.0,0.0,0.0,0.0,0.0,0.0,0.0,0.0
20,0.2625,0.0,0.0,0.0,0.0,0.0,0.0,0.0,0.0,0.0
21,0.375,63.0,264.0,0.0,0.0,15.5,15.5,0.2,0.0,0.0
22,0.1625,0.0,0.0,0.0,0.0,0.0,0.0,0.0,0.0,0.0
23,0.375,0.0,0.0,0.0,0.0,0.0,0.0,0.0,0.0,0.0
24,0.1625,0.0,0.0,0.0,0.0,0.0,0.0,0.0,0.0,0.0
25,0.375,32.0,134.0,0.3,0.1,5.3,3.9,0.9,0.42,0.168
26,0.275,129.0,540.0,4.9,3.1,16.3,16.3,4.4,0.25,0.1
27,0.4,155.0,649.0,10.6,3.3,1.1,1.1,12.6,0.0,0.0
28,0.05,0.0,0.0,0.0,0.0,0.0,0.0,0.0,0.0,0.0
29,0.175,0.0,0.0,0.0,0.0,0.0,0.0,0.0,0.0,0.0
30,0.475,73.0,305.0,4.3,3.0,4.3,1.6,3.3,0.1,0.04
31,0.275,222.0,929.0,3.3,2.1,38.4,1.8,11.7,0.678,0.2712
32,0.475,0.0,2415.0,44.0,28.0,30.0,27.0,7.1,0.025,0.01
33,0.275,290.0,1213.0,9.4,4.5,41.0,2.0,12.5,0.9,0.36
34,0.3875,219.0,916.0,5.9,0.5,30.3,1.7,9.7,0.464,0.1856
35,0.575,381.0,1594.0,22.0,15.5,27.3,21.9,4.6,0.1,0.04
36,0.275,469.0,1962.0,25.0,4.9,58.0,44.0,0.8,0.5,0.2
37,0.275,100.0,418.0,0.0,0.0,24.0,23.0,0.0,3.2,1.28
38,0.275,157.0,657.0,21.0,12.0,39.0,20.0,7.8,1.5,0.6
39,0.175,0.0,0.0,0.0,0.0,0.0,0.0,0.0,0.0,0.0
40,0.175,0.0,0.0,0.0,0.0,0.0,0.0,0.0,0.0,0.0
41,0.275,98.0,410.0,3.3,3.3,7.6,7.5,4.6,0.027,0.0108
42,0.475,0.0,0.0,0.0,0.0,0.0,0.0,0.0,0.0,0.0
43,0.175,0.0,0.0,0.0,0.0,0.0,0.0,0.0,0.0,0.0
44,0.275,118.0,494.0,4.3,1.2,17.1,12.7,2.7,0.1,0.04
45,0.375,793.0,3318.0,21.7,15.0,66.3,32.1,6.8,0.68,0.272
46,0.475,157.0,657.0,0.0,0.0,36.0,27.0,0.6,0.0,0.0
47,0.275,153.0,640.0,9.1,2.5,9.2,0.9,8.3,2.8,1.12
48,0.375,0.0,0.0,0.0,0.0,0.0,0.0,0.0,0.0,0.0
49,0.275,72.0,301.0,2.2,0.5,5.2,1.2,7.0,0.18,0.072
50,0.375,143.0,598.0,12.7,1.0,3.9,1.0,1.9,0.27,0.108
51,0.4875,207.0,866.0,6.7,3.8,27.5,0.6,8.9,0.4,0.16
52,0.275,162.0,678.0,3.7,1.0,20.7,3.8,9.1,0.194,0.0776
53,0.275,174.0,728.0,2.3,0.4,29.3,1.4,8.9,0.531,0.2124
54,0.2625,216.0,904.0,4.5,2.1,31.5,1.0,12.5,4.51,1.804
55,0.1625,0.0,0.0,0.0,0.0,0.0,0.0,0.0,0.0,0.0
56,0.2625,0.0,0.0,0.0,0.0,0.0,0.0,0.0,0.0,0.0
57,0.275,18.0,75.0,0.2,0.1,2.2,2.1,0.9,5.0,2.0
58,0.3625,0.0,0.0,0.0,0.0,0.0,0.0,0.0,0.0,0.0
59,0.1625,0.0,0.0,0.0,0.0,0.0,0.0,0.0,0.0,0.0
60,0.1625,0.0,0.0,0.0,0.0,0.0,0.0,0.0,0.0,0.0
61,0.275,169.0,707.0,5.6,0.0,22.7,21.6,5.8,0.443,0.1772
62,0.275,0.0,0.0,0.0,0.0,0.0,0.0,0.0,0.0,0.0
63,0.2625,100.0,418.0,2.0,1.0,10.0,10.0,2.0,9.0,3.6
64,0.375,130.0,544.0,7.2,2.4,1.0,1.0,17.0,0.3,0.12
65,0.4875,172.0,720.0,4.4,1.2,23.3,4.6,8.4,3.58,1.432
66,0.3,0.0,0.0,0.0,0.0,0.0,0.0,0.0,0.0,0.0
67,0.275,964.0,4033.0,25.0,9.7,1.0,0.1,20.0,2.6,1.04
68,0.275,48.0,201.0,0.2,0.0,12.0,11.0,0.2,0.02,0.008
69,0.275,298.0,1247.0,5.7,3.0,58.0,38.0,3.4,0.6,0.24
70,0.1625,0.0,0.0,0.0,0.0,0.0,0.0,0.0,0.0,0.0
71,0.1625,0.0,0.0,0.0,0.0,0.0,0.0,0.0,0.0,0.0
72,0.375,0.0,0.0,0.0,0.0,0.0,0.0,0.0,0.0,0.0
73,0.475,114.0,477.0,8.1,0.9,5.7,1.4,3.9,0.31,0.124
74,0.3,536.0,2243.0,28.57,28.57,64.29,14.29,3.57,0.0,0.0
75,0.4,464.0,1941.0,17.86,0.0,60.71,17.86,17.86,0.635,0.254
76,0.175,0.0,0.0,0.0,0.0,0.0,0.0,0.0,0.0,0.0
77,0.275,278.0,1163.0,1.4,0.3,53.0,1.3,12.0,1.8,0.72
78,0.175,0.0,0.0,0.0,0.0,0.0,0.0,0.0,0.0,0.0
79,0.4875,150.0,628.0,5.9,3.7,18.6,17.4,5.1,0.34,0.136
80,0.8875,0.0,0.0,0.0,0.0,0.0,0.0,0.0,0.0,0.0
81,0.375,397.0,1661.0,33.0,21.6,0.1,0.1,25.0,1.3,0.52
82,0.275,16.0,67.0,0.3,0.1,1.0,0.7,1.3,18.3,7.32
83,0.375,197.0,824.0,13.0,4.0,3.0,0.9,17.0,1.1,0.44
84,0.3625,0.0,0.0,0.0,0.0,0.0,0.0,0.0,0.0,0.0
85,0.375,197.0,824.0,5.0,1.1,28.7,3.0,8.4,0.467,0.1868
86,0.1625,0.0,0.0,0.0,0.0,0.0,0.0,0.0,0.0,0.0
87,0.4875,213.0,891.0,6.2,0.8,30.0,1.7,8.1,5.39,2.156
88,0.275,191.0,799.0,5.1,1.2,24.4,2.3,8.9,0.4,0.16
89,0.675,160.0,669.0,2.2,0.5,25.2,0.6,9.5,0.358,0.1432
90,0.275,194.0,812.0,5.6,0.8,27.7,1.6,9.6,0.438,0.1752
91,0.3875,253.0,1059.0,17.0,2.6,0.5,0.5,23.0,2.5,1.0
92,0.2625,0.0,0.0,0.0,0.0,0.0,0.0,0.0,0.0,0.0
93,0.275,214.0,895.0,16.0,3.5,12.0,2.0,4.2,1.1,0.44
94,0.375,235.0,983.0,15.0,7.5,1.0,1.0,24.0,2.0,0.8
95,0.375,561.0,2347.0,34.0,3.13,54.3,53.1,7.8,3.0,1.2
96,0.2625,0.0,0.0,0.0,0.0,0.0,0.0,0.0,0.0,0.0
97,0.1625,0.0,0.0,0.0,0.0,0.0,0.0,0.0,0.0,0.0
98,0.2625,0.0,0.0,0.0,0.0,0.0,0.0,0.0,0.0,0.0
99,0.2625,0.0,0.0,0.0,0.0,0.0,0.0,0.0,0.0,0.0
100,0.2,0.0,0.0,0.0,0.0,0.0,0.0,0.0,0.0,0.0
101,0.475,5.0,21.0,36.0,5.0,48.0,40.0,2.0,1.0,0.4
102,0.275,0.0,0.0,0.0,0.0,0.0,0.0,0.0,0.0,0.0
103,0.275,0.0,0.0,0.0,0.0,0.0,0.0,0.0,0.0,0.0
104,0.2625,0.0,0.0,0.0,0.0,0.0,0.0,0.0,0.0,0.0
105,0.275,290.0,1213.0,8.5,0.96,37.3,6.5,12.6,1.2,0.48
106,0.1625,0.0,0.0,0.0,0.0,0.0,0.0,0.0,0.0,0.0
107,0.05,0.0,0.0,0.0,0.0,0.0,0.0,0.0,0.0,0.0
108,0.2625,1.0,4.0,0.0,0.0,0.2,0.0,0.1,0.0,0.0
109,0.275,76.0,318.0,1.3,0.3,9.4,1.0,5.7,0.134,0.0536
110,0.275,290.0,1213.0,4.5,4.5,41.0,2.0,12.5,2.3,0.92
111,0.2625,0.0,0.0,0.0,0.0,0.0,0.0,0.0,0.0,0.0
112,0.0625,0.0,0.0,0.0,0.0,0.0,0.0,0.0,0.0,0.0
113,0.2625,0.0,0.0,0.0,0.0,0.0,0.0,0.0,0.0,0.0
114,0.0625,0.0,0.0,0.0,0.0,0.0,0.0,0.0,0.0,0.0
115,0.3625,0.0,0.0,0.0,0.0,0.0,0.0,0.0,0.0,0.0
116,0.1625,0.0,0.0,0.0,0.0,0.0,0.0,0.0,0.0,0.0
117,0.175,0.0,0.0,0.0,0.0,0.0,0.0,0.0,0.0,0.0
118,0.175,0.0,0.0,0.0,0.0,0.0,0.0,0.0,0.0,0.0
119,0.375,64.0,268.0,2.3,2.3,1.8,1.4,3.7,0.4,0.16
120,0.275,114.0,477.0,4.1,0.5,15.4,0.9,3.2,0.2,0.08
121,0.275,212.0,887.0,5.8,3.7,32.0,2.0,9.4,1.3,0.52
122,0.475,325.0,1360.0,29.0,11.0,0.0,0.0,16.0,1.6,0.64
123,0.275,196.0,820.0,4.1,1.1,29.4,3.3,9.6,1.5,0.6
124,0.175,0.0,0.0,0.0,0.0,0.0,0.0,0.0,0.0,0.0
125,0.275,0.0,0.0,0.0,0.0,0.0,0.0,0.0,0.0,0.0
126,0.275,118.0,494.0,10.0,0.5,3.3,1.9,1.0,1.0,0.4
127,0.275,451.0,1887.0,17.0,2.1,66.0,4.9,5.8,2.2,0.88
128,0.275,188.0,787.0,4.8,1.5,23.1,4.1,10.6,1.8,0.72
129,0.1625,0.0,0.0,0.0,0.0,0.0,0.0,0.0,0.0,0.0
130,0.175,0.0,0.0,0.0,0.0,0.0,0.0,0.0,0.0,0.0
131,0.3625,0.0,0.0,0.0,0.0,0.0,0.0,0.0,0.0,0.0
132,0.0625,0.0,0.0,0.0,0.0,0.0,0.0,0.0,0.0,0.0
133,0.275,282.0,1180.0,0.1,0.03,70.0,63.0,0.4,0.03,0.012
134,0.3625,0.0,0.0,0.0,0.0,0.0,0.0,0.0,0.0,0.0
135,0.275,219.0,916.0,7.1,4.3,29.9,1.9,8.7,1.2,0.48
136,0.275,224.0,937.0,0.1,0.0,55.0,55.0,0.4,0.0,0.0
137,0.275,194.0,812.0,5.6,0.8,27.7,1.6,9.6,1.1,0.44
138,0.275,0.0,0.0,0.0,0.0,0.0,0.0,0.0,0.0,0.0
139,0.275,287.0,1201.0,14.0,5.6,42.9,1.9,12.3,1.5,0.6
140,0.575,52.0,221.0,0.5,0.1,13.0,11.5,0.5,0.01,0.004
141,0.275,73.0,305.0,3.7,0.5,6.6,1.9,2.8,1.166,0.4664
142,0.4,607.0,2540.0,57.14,5.36,17.86,3.57,17.86,1.22428,0.489712
143,0.4,371.0,1552.0,1.43,0.0,77.14,0.0,8.57,0.0,0.0
144,0.4,462.0,1933.0,18.27,1.92,63.46,11.54,13.46,0.0,0.0
145,0.4,356.0,1490.0,0.0,0.0,80.0,0.0,8.89,0.0,0.0
146,0.4,438.0,1833.0,18.75,4.69,57.81,15.62,14.06,0.1397,0.05588
147,0.4,575.0,2406.0,37.5,22.5,55.0,42.5,5.0,0.0,0.0
148,0.4,857.0,3586.0,100.0,7.14,0.0,0.0,0.0,0.0,0.0
149,0.4,333.0,1393.0,1.04,0.0,62.5,0.0,22.92,0.0,0.0
150,0.4,368.0,1540.0,1.75,0.0,73.68,0.0,14.04,0.0,0.0
151,0.275,0.0,0.0,0.0,0.0,0.0,0.0,0.0,0.0,0.0
152,0.4,533.0,2230.0,36.67,5.0,36.67,3.33,16.67,1.60782,0.643128
153,0.4,619.0,2590.0,42.86,4.76,38.1,0.0,19.05,0.09652,0.038608
154,0.4,606.0,2536.0,48.48,9.09,15.15,0.0,30.3,0.57658,0.230632
155,0.275,484.0,2025.0,20.1,4.5,68.6,29.8,7.4,0.08,0.032
156,0.275,548.0,2293.0,34.1,7.7,53.4,24.1,7.0,0.1,0.04
157,0.275,11.0,46.0,0.0,0.0,2.7,2.5,0.0,0.0,0.0
158,0.275,12.0,50.0,0.0,0.0,2.9,2.8,0.0,0.0,0.0
159,0.4625,0.0,0.0,0.0,0.0,0.0,0.0,0.0,0.0,0.0
160,0.4,436.0,1824.0,18.18,1.82,60.0,21.82,14.55,0.02286,0.009144
161,0.4,629.0,2632.0,60.71,3.57,17.86,3.57,14.29,0.01016,0.004064
162,0.4,500.0,2092.0,26.67,23.33,66.67,16.67,3.33,0.0,0.0
163,0.275,411.0,1720.0,16.0,2.2,59.2,21.6,6.2,0.5,0.2
164,0.4,378.0,1582.0,2.22,0.0,77.78,2.22,8.89,0.0,0.0
165,0.4,262.0,1096.0,5.95,1.19,66.67,2.38,16.67,0.0254,0.01016
166,0.4,350.0,1464.0,17.5,7.5,42.5,32.5,7.5,0.28448,0.113792
167,0.4,500.0,2092.0,33.33,6.67,46.67,30.0,13.33,0.46482,0.185928
168,0.4,400.0,1674.0,10.91,2.73,69.09,27.27,10.91,0.02286,0.009144
169,0.4,567.0,2372.0,50.0,3.33,23.33,6.67,6.67,1.27,0.508
170,0.4,467.0,1954.0,20.0,2.22,60.0,33.33,8.89,0.19812,0.079248
171,0.4,0.0,0.0,0.0,0.0,0.0,0.0,0.0,96.15678,38.462712
172,0.4,370.0,1548.0,22.22,4.63,57.41,5.56,12.96,0.28194,0.112776
173,0.1625,0.0,0.0,0.0,0.0,0.0,0.0,0.0,0.0,0.0
174,0.4,567.0,2372.0,46.67,8.33,30.0,6.67,16.67,1.016,0.4064
175,0.4,567.0,2372.0,43.33,6.67,30.0,6.67,16.67,1.35382,0.541528
176,0.4,533.0,2230.0,46.67,3.33,23.33,3.33,20.0,2.032,0.8128
177,0.4,533.0,2230.0,30.0,26.67,53.33,6.67,6.67,0.0,0.0
178,0.4,356.0,1490.0,6.67,0.0,64.44,11.11,13.33,0.01016,0.004064
179,0.4,500.0,2092.0,35.0,25.0,52.5,37.5,5.0,0.127,0.0508
180,0.4,500.0,2092.0,32.14,10.71,46.43,35.71,14.29,0.0,0.0
181,0.4,451.0,1887.0,21.57,3.92,58.82,3.92,11.76,0.27432,0.109728
182,0.4,400.0,1674.0,9.09,0.91,70.91,29.09,10.91,0.04572,0.018288
183,0.4,375.0,1569.0,0.0,0.0,100.0,100.0,0.0,0.0,0.0
184,0.4,500.0,2092.0,28.57,5.36,55.36,23.21,10.71,0.0,0.0
185,0.4,660.0,2761.0,65.0,57.0,24.0,7.0,6.0,0.09398,0.037592
186,0.4,333.0,1393.0,0.0,0.0,62.22,2.22,22.22,0.0,0.0
187,0.4,362.0,1515.0,2.13,0.0,72.34,0.0,12.77,0.0,0.0
188,0.4,319.0,1335.0,2.13,0.0,68.09,0.0,12.77,0.0,0.0
189,0.4,464.0,1941.0,17.86,2.68,64.29,21.43,10.71,0.04572,0.018288
190,0.4,525.0,2197.0,35.0,15.0,50.0,37.5,7.5,1.651,0.6604
191,0.4,418.0,1749.0,14.55,1.82,65.45,21.82,12.73,0.0,0.0
192,0.4,489.0,2046.0,32.14,3.57,42.86,0.0,14.29,0.04572,0.018288
193,0.275,0.0,0.0,0.0,0.0,0.0,0.0,0.0,0.0,0.0
194,0.8875,0.0,0.0,0.0,0.0,0.0,0.0,0.0,0.0,0.0
195,0.275,0.0,0.0,0.0,0.0,0.0,0.0,0.0,0.0,0.0
196,0.375,459.0,1920.0,35.0,4.3,16.0,0.5,16.0,1.4,0.56
197,0.175,0.0,0.0,0.0,0.0,0.0,0.0,0.0,0.0,0.0
198,0.475,25.0,105.0,42.75,17.275,0.475,0.075,13.05,1.1,0.44
199,0.2,0.0,0.0,0.0,0.0,0.0,0.0,0.0,0.0,0.0
200,0.275,1.0,4.0,0.0,0.0,0.0,0.0,0.0,0.0,0.0
201,0.5625,0.0,0.0,0.0,0.0,0.0,0.0,0.0,0.0,0.0
202,0.2625,549.0,2297.0,35.0,2.6,46.0,39.0,9.8,0.1,0.04
203,0.1625,0.0,0.0,0.0,0.0,0.0,0.0,0.0,0.0,0.0
204,0.1625,0.0,0.0,0.0,0.0,0.0,0.0,0.0,0.0,0.0
205,0.2625,0.0,0.0,0.0,0.0,0.0,0.0,0.0,0.0,0.0
206,0.4,0.0,1513.0,0.0,0.0,0.0,0.0,0.0,0.0,0.0
207,0.0625,0.0,0.0,0.0,0.0,0.0,0.0,0.0,0.0,0.0
208,0.3625,0.0,0.0,0.0,0.0,0.0,0.0,0.0,0.0,0.0
209,0.7875,465.0,1946.0,39.5,6.0,41.0,40.2,0.0,0.2,0.08
210,0.4,356.0,1490.0,0.0,0.0,64.44,4.44,26.67,0.08382,0.033528
211,0.3875,0.0,0.0,0.0,0.0,0.0,0.0,0.0,0.0,0.0
212,0.275,385.0,1611.0,0.0,0.0,92.0,61.0,5.0,0.0,0.0
213,0.4,319.0,1335.0,5.32,0.0,53.19,8.51,17.02,0.05334,0.021336
214,0.4,378.0,1582.0,1.11,0.0,68.89,0.0,28.89,0.05588,0.022352
215,0.4,167.0,699.0,0.0,0.0,63.89,2.78,22.22,0.17526,0.070104
216,0.4,400.0,1674.0,0.0,0.0,66.67,2.22,24.44,0.04572,0.018288
217,0.4,378.0,1582.0,1.11,0.0,66.67,0.0,28.89,0.01778,0.007112
218,0.4,378.0,1582.0,1.11,0.0,68.89,8.89,28.89,0.05588,0.022352
219,0.4,353.0,1477.0,0.98,0.0,62.75,0.0,23.53,0.0508,0.02032
220,0.5,333.0,1393.0,0.0,0.0,62.22,8.89,20.0,0.02794,0.011176
221,0.4,304.0,1272.0,0.0,0.0,54.35,2.17,19.57,0.02794,0.011176
222,0.4,491.0,2054.0,25.45,8.18,58.18,9.09,10.91,0.254,0.1016
223,0.475,470.0,1966.0,28.6,18.3,45.9,32.3,6.2,1.3,0.52
224,0.175,0.0,0.0,0.0,0.0,0.0,0.0,0.0,0.0,0.0
225,0.4,455.0,1904.0,14.55,1.82,67.27,12.73,10.91,0.254,0.1016
226,0.4,364.0,1523.0,4.55,0.0,70.91,23.64,10.91,0.18542,0.074168
227,0.4,411.0,1720.0,8.93,1.79,73.21,21.43,14.29,0.0,0.0
228,0.275,77.0,322.0,0.4,0.1,16.8,12.3,0.4,0.01,0.004
229,0.1,0.0,0.0,0.0,0.0,0.0,0.0,0.0,0.0,0.0
230,0.4,356.0,1490.0,1.75,0.0,71.93,0.0,14.04,0.11684,0.046736
231,0.4,385.0,1611.0,9.23,3.08,60.0,1.54,13.85,1.13284,0.453136
232,0.1625,0.0,0.0,0.0,0.0,0.0,0.0,0.0,0.0,0.0
233,0.4,378.0,1582.0,0.0,0.0,80.0,0.0,13.33,0.02794,0.011176
234,0.4,375.0,1569.0,2.68,0.0,67.86,5.36,12.5,0.0,0.0
235,0.4,345.0,1443.0,1.72,0.0,67.24,1.72,12.07,0.0,0.0
236,0.4,333.0,1393.0,1.67,0.0,70.0,0.0,13.33,0.0,0.0
237,0.4,310.0,1297.0,1.72,0.86,60.34,5.17,13.79,2.75844,1.103376
238,0.4,0.0,0.0,0.0,0.0,0.0,0.0,0.0,99.90582,39.962328
239,0.4,375.0,1569.0,0.0,0.0,100.0,100.0,0.0,0.0,0.0
240,0.4,367.0,1536.0,0.0,0.0,76.67,0.0,10.0,0.0,0.0
241,0.4,452.0,1891.0,3.23,0.0,96.77,0.0,12.9,0.0,0.0
242,0.4,324.0,1356.0,2.94,0.0,67.65,2.94,14.71,0.0,0.0
243,0.4,333.0,1393.0,1.67,0.0,73.33,0.0,10.0,0.0,0.0
244,0.4,436.0,1824.0,10.91,0.91,74.55,25.45,9.09,0.254,0.1016
245,0.4,371.0,1552.0,1.43,0.0,62.86,0.0,11.43,0.0,0.0
246,0.4,393.0,1644.0,1.79,0.0,78.57,0.0,14.29,0.0,0.0
247,0.4,571.0,2389.0,42.86,7.14,25.0,14.29,25.0,0.54356,0.217424
248,0.275,169.0,707.0,5.6,4.5,22.7,21.6,5.8,0.1,0.04
249,0.4,633.0,2648.0,50.0,10.0,30.0,6.67,16.67,0.0,0.0
250,0.4,583.0,2439.0,50.0,6.94,22.22,0.0,16.67,0.0,0.0
251,0.4,583.0,2439.0,55.56,8.33,13.89,0.0,19.44,0.07112,0.028448
252,0.4,643.0,2690.0,57.14,3.57,14.29,0.0,21.43,1.54178,0.616712
253,0.4,571.0,2389.0,50.0,7.14,17.86,3.57,28.57,1.13284,0.453136
254,0.4,571.0,2389.0,46.43,5.36,28.57,3.57,21.43,1.08966,0.435864
255,0.4,661.0,2766.0,57.14,7.14,21.43,3.57,21.43,1.08966,0.435864
256,0.4,607.0,2540.0,57.14,7.14,21.43,3.57,17.86,0.58928,0.235712
257,0.4,520.0,2176.0,28.0,4.0,60.0,32.0,12.0,0.2032,0.08128
258,0.4,640.0,2678.0,64.0,6.0,12.0,0.0,16.0,0.0,0.0
259,0.4,530.0,2218.0,42.42,6.06,21.21,0.0,18.18,0.0,0.0
260,0.4,433.0,1812.0,26.67,3.33,46.67,33.33,13.33,0.127,0.0508
261,0.4,704.0,2946.0,70.42,7.04,14.08,3.52,10.56,0.0,0.0
262,0.4,667.0,2791.0,56.67,5.0,20.0,6.67,26.67,0.0,0.0
263,0.475,153.0,640.0,5.8,3.9,20.0,16.3,4.4,0.1,0.04
264,0.4,857.0,3586.0,100.0,14.29,0.0,0.0,0.0,0.0,0.0
265,0.4,0.0,0.0,0.0,0.0,4.0,0.0,11.6,11.176,4.4704
266,0.4,857.0,3586.0,100.0,7.14,0.0,0.0,0.0,0.0,0.0
267,0.4,56.0,234.0,0.0,0.0,5.56,0.0,11.11,13.54582,5.418328
268,0.4,56.0,234.0,0.0,0.0,5.56,0.0,11.11,13.26388,5.305552
269,0.4,333.0,1393.0,0.0,0.0,86.67,86.67,0.0,0.03302,0.013208
270,0.4,308.0,1289.0,1.92,0.0,51.92,5.77,25.0,2.29616,0.918464
271,0.4,314.0,1314.0,1.43,0.0,57.14,8.57,22.86,1.81356,0.725424
272,0.4,300.0,1255.0,6.67,3.33,56.67,26.67,10.0,0.71882,0.287528
273,0.4,467.0,1954.0,26.67,10.0,53.33,36.67,10.0,0.21082,0.084328
274,0.1625,0.0,0.0,0.0,0.0,0.0,0.0,0.0,0.0,0.0
275,0.4,525.0,2197.0,27.5,20.0,60.0,57.5,7.5,0.09652,0.038608
276,0.4,500.0,2092.0,41.18,11.76,17.65,2.94,26.47,0.97028,0.388112
277,0.1625,0.0,0.0,0.0,0.0,0.0,0.0,0.0,0.0,0.0
278,0.4,500.0,2092.0,20.0,17.5,72.5,47.5,5.0,1.143,0.4572
279,0.275,97.0,406.0,6.1,2.9,9.1,3.6,2.9,0.9,0.36
280,0.05,0.0,0.0,0.0,0.0,0.0,0.0,0.0,0.0,0.0
281,0.4,225.0,941.0,1.25,0.0,42.5,0.0,10.0,0.0,0.0
282,0.4,385.0,1611.0,7.69,1.92,65.38,0.0,15.38,0.0,0.0
283,0.4,385.0,1611.0,7.69,1.92,65.38,0.0,15.38,0.0,0.0
284,0.4,350.0,1464.0,1.7,1.25,75.0,0.0,12.5,0.03048,0.012192
285,0.4,341.0,1427.0,2.44,0.0,73.17,0.0,12.2,0.0,0.0
286,0.4,286.0,1197.0,1.79,0.0,64.29,0.0,10.71,0.0,0.0
287,0.4,368.0,1540.0,2.63,0.0,76.32,0.0,13.16,0.0,0.0
288,0.4,375.0,1569.0,6.25,0.0,67.5,0.0,12.5,0.0,0.0
289,0.4,418.0,1749.0,16.36,1.82,60.0,16.36,12.73,0.02286,0.009144
290,0.4,370.0,1548.0,2.17,0.0,73.91,0.0,13.04,0.02794,0.011176
291,0.4,375.0,1569.0,3.12,0.0,75.0,0.0,12.5,0.0,0.0
292,0.4,360.0,1506.0,4.0,0.0,72.0,0.0,12.0,0.0,0.0
293,0.4,340.0,1423.0,2.13,0.0,72.34,0.0,14.89,0.0,0.0
294,0.4,360.0,1506.0,2.0,0.0,78.0,0.0,10.0,0.02032,0.008128
295,0.4,200.0,837.0,3.33,0.0,66.67,0.0,13.33,0.0,0.0
296,0.3,333.0,1393.0,3.33,0.0,71.11,0.0,13.33,0.0,0.0
297,0.4,397.0,1661.0,6.9,0.0,68.97,0.0,20.69,0.0,0.0
298,0.4,365.0,1527.0,7.69,1.92,61.54,0.0,15.38,0.0,0.0
299,0.4,365.0,1527.0,7.69,1.92,38.46,0.0,15.38,0.0,0.0
300,0.475,32.0,134.0,8.5,5.4,1.8,1.6,5.2,3.1,1.24
301,0.4,425.0,1778.0,7.5,1.25,72.5,0.0,17.5,0.0,0.0
302,0.4,283.0,1184.0,2.17,0.0,69.57,0.0,15.22,0.0,0.0
303,0.4,450.0,1883.0,7.5,0.0,75.0,2.5,17.5,0.0,0.0
304,0.4,333.0,1393.0,3.33,0.0,77.78,0.0,6.67,0.0,0.0
305,0.4,356.0,1490.0,2.22,0.0,95.56,0.0,13.33,0.0,0.0
306,0.4,314.0,1314.0,1.96,0.0,66.67,0.0,5.88,0.0,0.0
307,0.1,0.0,0.0,0.0,0.0,0.0,0.0,0.0,0.0,0.0
308,0.4,340.0,1423.0,3.33,1.11,73.33,2.22,11.11,0.0,0.0
309,0.275,532.0,2226.0,30.0,18.0,58.0,51.0,6.8000001907349,0.66000002622604,0.264000010490416
310,0.4625,354.0,1481.0,4.17,0.0,77.08,0.0,6.25,0.0,0.0
311,0.4,333.0,1393.0,2.94,0.0,78.43,0.0,5.88,0.0,0.0
312,0.4,353.0,1477.0,0.98,0.0,78.43,0.0,7.84,0.0,0.0
313,0.4,356.0,1490.0,0.0,0.0,80.0,0.0,6.67,0.0,0.0
314,0.4,400.0,1674.0,2.22,0.0,71.11,2.22,15.56,0.02794,0.011176
315,0.4,347.0,1452.0,12.0,0.0,72.0,0.0,12.0,0.01778,0.007112
316,0.4,300.0,1255.0,0.0,0.0,25.0,25.0,0.0,0.0,0.0
317,0.175,0.0,0.0,0.0,0.0,0.0,0.0,0.0,0.0,0.0
318,0.4,500.0,2092.0,35.71,3.57,39.29,0.0,17.86,0.0,0.0
319,0.5,300.0,1255.0,0.0,0.0,83.33,66.67,0.0,0.0,0.0
320,0.375,396.0,1657.0,0.5,0.0,97.0,65.0,0.5,0.0,0.0
321,0.175,0.0,0.0,0.0,0.0,0.0,0.0,0.0,0.0,0.0
322,0.4,250.0,1046.0,0.0,0.0,62.5,52.5,2.5,0.0,0.0
323,0.4,536.0,2243.0,28.57,28.57,64.29,14.29,3.57,0.0,0.0
324,0.4,400.0,1674.0,14.55,2.73,60.0,21.82,9.09,0.1143,0.04572
325,0.4,375.0,1569.0,2.5,0.0,87.5,65.0,2.5,1.9685,0.7874
326,0.4,450.0,1883.0,22.5,12.5,70.0,42.5,5.0,1.016,0.4064
327,0.4,464.0,1941.0,17.86,0.0,60.71,17.86,17.86,0.635,0.254
328,0.5,0.0,2179.0,0.0,0.0,0.0,0.0,0.0,0.0,0.0
329,0.2625,0.0,0.0,0.0,0.0,0.0,0.0,0.0,0.0,0.0
330,0.275,315.0,1318.0,26.0,18.0,1.0,1.0,18.5,1.2,0.48
331,0.5875,0.0,0.0,0.0,0.0,0.0,0.0,0.0,0.0,0.0
332,0.2,0.0,0.0,0.0,0.0,0.0,0.0,0.0,0.0,0.0
333,0.5,0.0,5.0,0.0,0.0,0.0,0.0,0.0,0.0,0.0
334,0.4,607.0,2540.0,46.43,5.36,32.14,10.71,21.43,1.45034,0.580136
335,0.4,225.0,941.0,0.0,0.0,55.0,47.5,2.5,0.0635,0.0254
336,0.4,607.0,2540.0,46.43,5.36,32.14,10.71,21.43,0.0,0.0
337,0.4,291.0,1218.0,0.1,0.0,70.4,65.7,2.2,0.0127,0.00508
338,0.4,350.0,1464.0,0.0,0.0,90.0,62.5,2.5,0.0,0.0
339,0.4,300.0,1255.0,0.0,0.0,75.0,62.5,2.5,0.0,0.0
340,0.4,300.0,1255.0,0.0,0.0,72.5,65.0,2.5,0.0,0.0
341,0.4,250.0,1046.0,0.0,0.0,65.0,62.5,3.75,0.0,0.0
342,0.4,325.0,1360.0,0.0,0.0,75.0,70.0,2.5,0.0635,0.0254
343,0.4,857.0,3586.0,100.0,85.71,0.0,0.0,0.0,0.0,0.0
344,0.4,347.0,1452.0,4.08,0.0,77.55,0.0,8.16,0.0,0.0
345,0.4,360.0,1506.0,1.0,0.0,82.0,0.0,8.0,0.0,0.0
346,0.4,375.0,1569.0,0.0,0.0,100.0,100.0,0.0,0.0,0.0
347,0.4,568.0,2377.0,48.65,6.76,21.62,4.05,24.32,0.0,0.0
348,0.4,600.0,2510.0,50.0,3.33,20.0,3.33,20.0,0.0,0.0
349,0.4,704.0,2946.0,70.42,7.04,14.08,7.04,7.04,0.0,0.0
350,0.4,574.0,2402.0,47.06,8.82,32.35,5.88,14.71,0.0381,0.01524
351,0.4,425.0,1778.0,6.25,0.0,75.0,0.0,17.5,0.0127,0.00508
352,0.275,203.0,849.0,18.0,0.0,44.0,0.0,28.0,0.0,0.0
353,0.175,0.0,0.0,0.0,0.0,0.0,0.0,0.0,0.0,0.0
354,0.4,38.0,159.0,0.0,0.0,8.97,6.41,1.28,0.19558,0.078232
355,0.175,0.0,0.0,0.0,0.0,0.0,0.0,0.0,0.0,0.0
356,0.475,467.0,1954.0,24.0,16.0,56.0,29.0,5.7,0.0,0.0
357,0.2625,0.0,0.0,0.0,0.0,0.0,0.0,0.0,0.0,0.0
358,0.275,301.0,1259.0,6.0,2.4,52.0,29.0,9.4,0.47,0.188
359,0.275,367.0,1536.0,0.0,0.0,91.0,82.0,0.6,0.1,0.04
360,0.375,0.0,0.0,0.0,0.0,0.0,0.0,0.0,0.0,0.0
361,0.275,456.0,1908.0,15.0,9.1,74.0,58.0,4.7,0.38,0.152
362,0.375,580.0,2427.0,38.0,36.0,58.0,58.0,3.0,0.5,0.2
363,0.575,384.0,1607.0,13.7,5.6,32.5,13.8,29.2,0.54,0.216
364,0.275,146.0,611.0,9.0,1.3,3.7,0.25,12.8,0.73,0.292
365,0.2625,0.0,0.0,0.0,0.0,0.0,0.0,0.0,0.0,0.0
366,0.3625,0.0,0.0,0.0,0.0,0.0,0.0,0.0,0.0,0.0
367,0.275,396.0,1657.0,0.0,0.0,99.0,99.0,0.0,0.0,0.0
368,0.2625,400.0,1674.0,20.0,3.8,51.0,35.0,2.9,0.75,0.3
369,0.175,0.0,0.0,0.0,0.0,0.0,0.0,0.0,0.0,0.0
370,0.175,0.0,0.0,0.0,0.0,0.0,0.0,0.0,0.0,0.0
371,0.1625,0.0,0.0,0.0,0.0,0.0,0.0,0.0,0.0,0.0
372,0.375,823.0,3389.0,91.5,12.6,0.0,0.0,0.0,0.0025,0.001
373,0.1625,0.0,0.0,0.0,0.0,0.0,0.0,0.0,0.0,0.0
374,0.3625,500.0,2092.0,0.0,0.0,0.0,0.0,0.0,0.0,0.0
375,0.2,0.0,0.0,0.0,0.0,0.0,0.0,0.0,0.0,0.0
376,0.275,484.0,2025.0,23.0,13.0,64.0,36.0,1.3,0.0,0.0
377,0.375,0.0,0.0,0.0,0.0,0.0,0.0,0.0,0.0,0.0
378,0.275,461.0,1929.0,14.0,1.5,80.0,37.0,3.0,0.04,0.016
379,0.8875,0.0,450.0,2.2,0.9,15.3,0.5,6.8,0.7,0.28
380,0.775,0.0,455.0,4.2,2.1,12.5,1.4,4.4,0.6,0.24
381,0.275,352.0,1473.0,5.7,4.9,72.2,2.0,2.5,6.8,2.72
382,0.8875,290.0,1210.0,12.0,7.0,23.0,0.0,22.0,2.16,0.864
383,0.275,460.0,1925.0,16.0,1.3,68.0,61.0,10.0,0.08,0.032
384,0.275,25.0,105.0,0.0,0.0,6.0,6.0,0.0,0.0,0.0
385,0.3625,0.0,0.0,0.0,0.0,0.0,0.0,0.0,0.0,0.0
386,0.275,393.0,1644.0,0.5,0.4,97.0,71.0,0.2,0.31,0.124
387,0.0625,0.0,0.0,0.0,0.0,0.0,0.0,0.0,0.0,0.0
388,0.375,284.0,1188.0,11.2,9.3,42.8,24.3,3.1,0.23,0.092
389,0.475,541.0,2264.0,31.0,16.0,59.0,22.0,6.4,0.58,0.232
390,0.275,529.0,2213.0,29.0,18.0,59.0,2.7,7.2,2.3,0.92
391,0.2625,505.0,2113.0,25.0,16.0,64.0,25.0,6.4,0.59,0.236
392,0.175,0.0,0.0,0.0,0.0,0.0,0.0,0.0,0.0,0.0
393,0.275,479.0,2004.0,20.0,11.0,69.0,59.0,4.0,1.0,0.4
394,0.0625,0.0,0.0,0.0,0.0,0.0,0.0,0.0,0.0,0.0
395,0.275,899.0,3761.0,49.0,0.0,0.0,0.0,0.0,0.0,0.0
396,0.375,823.0,3388.0,92.0,12.0,0.0,0.0,0.0,0.0,0.0
397,0.275,284.0,1188.0,11.2,9.3,42.8,24.3,3.1,0.09,0.036
398,0.8875,363.0,1520.0,14.4,0.0,54.1,28.1,4.79,0.922,0.369
399,0.2875,71.0,297.0,2.5,1.1,4.4,2.1,6.7,0.67,0.268
400,0.4625,0.0,0.0,0.0,0.0,0.0,0.0,0.0,0.0,0.0
401,0.3625,1.0,4.0,0.0,0.0,0.2,0.0,0.1,0.0,0.0
402,0.375,222.0,929.0,0.0,0.0,50.8,50.6,0.8,0.0,0.0
403,0.3625,0.0,0.0,0.0,0.0,0.0,0.0,0.0,0.0,0.0
404,0.1625,0.0,0.0,0.0,0.0,0.0,0.0,0.0,0.0,0.0
405,0.275,349.0,1460.0,0.3,0.1,80.7,13.8,3.4,5.6,2.24
406,0.1625,0.0,0.0,0.0,0.0,0.0,0.0,0.0,0.0,0.0
407,0.9875,0.0,1952.4,15.3,11.2,75.5,69.8,6.8,0.5,0.2
408,0.275,330.0,1381.0,0.5,0.09,75.9,4.4,3.1,5.1,2.04
409,0.0625,0.0,0.0,0.0,0.0,0.0,0.0,0.0,0.0,0.0
410,0.275,115.0,481.0,21.0,0.3,21.1,2.4,2.2,0.5,0.2
411,0.275,284.0,1188.0,18.0,7.0,0.5,0.5,30.0,5.0,2.0
412,0.475,150.0,628.0,5.3,3.4,22.0,13.0,3.3,0.12,0.048
413,0.275,1.0,4.0,1.0,1.0,1.0,1.0,1.0,1.0,0.4
414,0.375,77.0,322.0,1.0,0.3,2.0,2.0,15.0,1.8,0.72
415,0.1625,0.0,0.0,0.0,0.0,0.0,0.0,0.0,0.0,0.0
416,0.2625,0.0,0.0,0.0,0.0,0.0,0.0,0.0,0.0,0.0
417,0.4,0.0,1329.0,0.0,0.0,0.0,0.0,0.0,0.0,0.0
418,0.475,86.0,360.0,1.5,0.5,3.0,2.2,15.0,1.9,0.76
419,0.375,423.0,1770.0,7.3,0.6,85.4,85.4,3.0,0.02,0.008
420,0.275,423.0,1770.0,7.3,0.6,85.4,85.4,3.0,0.02,0.008
421,0.2,0.0,0.0,0.0,0.0,0.0,0.0,0.0,0.0,0.0
422,0.275,99.0,414.0,100.0,4.0,0.0,0.0,0.0,0.0,0.0
423,0.2625,0.0,0.0,0.0,0.0,0.0,0.0,0.0,0.0,0.0
424,0.2,180.0,753.0,10.8,4.25,18.3,0.24,18.3,0.0,0.0
425,0.3,0.0,0.0,0.0,0.0,0.0,0.0,0.0,0.0,0.0
426,0.775,0.0,0.0,0.0,0.0,0.0,0.0,0.0,0.0,0.0
427,0.05,0.0,0.0,0.0,0.0,0.0,0.0,0.0,0.0,0.0
428,0.275,154.0,644.0,4.8,1.6,21.0,2.2,5.5,0.45,0.18
429,0.375,226.0,946.0,0.0,0.0,56.8,56.0,1.0,0.0,0.0
430,0.3,0.0,0.0,0.0,0.0,0.0,0.0,0.0,0.0,0.0
431,0.2625,0.0,0.0,0.0,0.0,0.0,0.0,0.0,0.0,0.0
432,0.6875,0.0,0.0,0.0,0.0,0.0,0.0,0.0,0.0,0.0
433,0.4,0.0,0.0,0.0,0.0,0.0,0.0,0.0,0.0,0.0
434,0.375,551.0,2305.0,34.0,5.0,53.0,51.0,6.0,0.0,0.0
435,0.275,470.0,1966.0,15.0,9.7,76.0,54.0,4.1,0.01,0.004
436,0.8875,260.0,1090.0,10.7,2.0,38.7,24.7,3.33,0.647,0.259
437,0.2625,102.0,427.0,2.7,1.4,15.0,14.0,4.5,0.11,0.044
438,0.2,135.0,565.0,4.5,2.3,20.0,20.0,4.2,0.18,0.072
439,0.275,388.0,1623.0,0.5,0.1,97.0,70.0,0.5,0.0,0.0
440,0.275,471.0,1971.0,15.0,1.3,75.0,70.0,4.6,0.03,0.012
441,0.375,42.0,176.0,0.0,0.0,9.95,9.67,0.0,0.0,0.0
442,0.275,133.0,556.0,6.0,2.0,19.0,11.0,3.5,0.1,0.04
443,0.275,45.0,188.0,2.4,0.3,3.8,3.3,1.2,1.049,0.4196
444,0.6875,154.0,644.0,8.8,1.5,12.7,8.5,5.0,0.0,0.0
445,0.3,0.0,0.0,0.0,0.0,0.0,0.0,0.0,0.0,0.0
446,0.2,0.0,0.0,0.0,0.0,0.0,0.0,0.0,0.0,0.0
447,0.0625,0.0,0.0,0.0,0.0,0.0,0.0,0.0,0.0,0.0
448,0.475,470.0,1966.0,15.0,9.7,76.0,54.0,4.1,0.01,0.004
449,0.2625,0.0,0.0,0.0,0.0,0.0,0.0,0.0,0.0,0.0
450,0.3625,0.0,0.0,0.0,0.0,0.0,0.0,0.0,0.0,0.0
451,0.2,0.0,0.0,0.0,0.0,0.0,0.0,0.0,0.0,0.0
452,0.275,508.0,2125.0,30.5,11.9,55.9,50.8,10.2,0.9,0.36
453,0.175,0.0,0.0,0.0,0.0,0.0,0.0,0.0,0.0,0.0
454,0.275,470.0,1966.0,15.0,9.7,76.0,54.0,4.1,0.01,0.004
455,0.475,197.0,824.0,4.7,2.9,25.0,2.1,11.0,1.5,0.6
456,0.275,277.0,1159.0,17.8,11.6,19.9,1.7,8.7,0.5,0.2
457,0.275,471.0,1971.0,15.0,1.3,75.0,70.0,4.6,0.03,0.012
458,0.9875,278.0,1160.0,1.11,0.333,53.3,1.11,10.0,1.52,0.61
459,0.375,391.66666666667,1639.0,8.3333333333333,0.0,83.333333333333,0.0,8.3333333333333,0.0,0.0
460,0.1625,0.0,0.0,0.0,0.0,0.0,0.0,0.0,0.0,0.0
461,0.475,48.0,201.0,4.4,0.52,0.6,0.6,1.8,0.0,0.0
462,0.5875,369.0,1540.0,5.2,1.7,0.1,0.1,80.6,0.3,0.12
463,0.375,655.0,2741.0,64.5,10.1,11.8,1.0,5.9,2.4,0.96
464,0.375,657.0,2749.0,64.599998474121,10.0,12.199999809265,1.0,5.8000001907349,2.4000000953674,0.96000003814696
465,0.275,642.0,2686.0,62.7,9.7,12.2,1.0,6.3,2.4,0.96
466,0.8,561.0,2318.0,53.2,9.6,11.7,0.5,8.2,2.7,1.08
467,0.275,388.0,1623.0,41.7,3.3,0.6,0.6,1.2,2.9,1.16
468,0.8,268.0,1104.0,27.4,3.9,1.8,0.0,1.9,2.7,1.08
469,0.275,700.0,2929.0,67.1,10.0,12.8,1.0,9.8,1.1,0.44
470,0.375,451.0,1887.0,38.8,5.6,17.9,9.4,5.2,1.96,0.784
471,0.3625,214.0,895.0,4.4,0.6,35.9,3.0,3.7,0.9,0.36
472,0.2,0.0,0.0,0.0,0.0,0.0,0.0,0.0,0.0,0.0
473,0.7625,0.0,0.0,0.0,0.0,0.0,0.0,0.0,0.0,0.0
474,0.1,0.0,0.0,0.0,0.0,0.0,0.0,0.0,0.0,0.0
475,0.775,0.0,0.0,0.0,0.0,0.0,0.0,0.0,0.0,0.0
476,0.675,0.0,0.0,0.0,0.0,0.0,0.0,0.0,0.0,0.0
477,0.1625,0.0,0.0,0.0,0.0,0.0,0.0,0.0,0.0,0.0
478,0.15,0.0,0.0,0.0,0.0,0.0,0.0,0.0,0.0,0.0
479,0.175,0.0,0.0,0.0,0.0,0.0,0.0,0.0,0.0,0.0
480,0.8875,51.0,213.0,0.0,0.0,14.0,0.0,0.0,1.0,0.4
481,0.175,0.0,0.0,0.0,0.0,0.0,0.0,0.0,0.0,0.0
482,0.1625,0.0,0.0,0.0,0.0,0.0,0.0,0.0,0.0,0.0
483,0.3625,0.0,0.0,0.0,0.0,0.0,0.0,0.0,0.0,0.0
484,0.275,464.0,1941.0,16.0,8.0,71.0,24.0,7.0,0.76,0.304
485,0.7875,0.0,0.0,0.0,0.0,0.0,0.0,0.0,0.0,0.0
486,0.0625,0.0,0.0,0.0,0.0,0.0,0.0,0.0,0.0,0.0
487,0.5625,48.0,201.0,0.0,0.0,13.3,12.7,0.0,0.05,0.02
488,0.375,83.333333333333,349.0,0.0,0.0,21.527777777778,20.138888888889,2.0833333333333,0.026041666666668,0.0104166666666672
489,0.275,0.0,0.0,0.0,0.0,0.0,0.0,0.0,0.0,0.0
490,0.9875,114.0,478.0,6.79,2.86,7.86,0.714,5.36,0.499,0.2
491,0.7625,180.0,751.0,10.2,0.0,16.6,0.0,33.9,0.735,0.294
492,0.3625,0.0,0.0,0.0,0.0,0.0,0.0,0.0,0.0,0.0
493,0.1,0.0,0.0,0.0,0.0,0.0,0.0,0.0,0.0,0.0
494,0.7875,0.0,0.0,0.0,0.0,0.0,0.0,0.0,0.0,0.0
495,0.8875,377.0,1577.0,0.5,0.1,93.0,66.0,1.5,0.02,0.008
496,0.7875,400.0,1674.0,0.0,0.0,93.3,93.3,0.0,0.0,0.0
497,0.2625,0.0,0.0,0.0,0.0,0.0,0.0,0.0,0.0,0.0
498,0.275,186.0,778.0,8.0,1.3,0.5,0.5,28.0,2.3,0.92
499,0.2625,0.0,0.0,0.0,0.0,0.0,0.0,0.0,0.0,0.0
500,0.1625,0.0,0.0,0.0,0.0,0.0,0.0,0.0,0.0,0.0
501,0.2625,553.0,2314.0,39.1,23.8,37.5,32.6,7.4,0.04,0.016
502,0.275,566.0,2368.0,36.7,22.5,51.3,50.4,6.7,0.79,0.316
503,0.2875,570.0,2385.0,36.8,22.7,51.7,51.7,7.9,1.15,0.46
504,0.5875,4.0,17.0,0.1,0.1,0.1,0.1,0.1,0.001,0.0004
505,0.175,0.0,0.0,0.0,0.0,0.0,0.0,0.0,0.0,0.0
506,0.175,0.0,0.0,0.0,0.0,0.0,0.0,0.0,0.0,0.0
507,0.8875,0.0,0.0,0.0,0.0,0.0,0.0,0.0,0.0,0.0
508,0.275,0.0,0.0,0.0,0.0,0.0,0.0,0.0,0.0,0.0
509,0.175,0.0,0.0,0.0,0.0,0.0,0.0,0.0,0.0,0.0
510,0.275,500.0,2092.0,31.2,19.3,58.9,58.9,6.8,0.99,0.396
511,0.7875,0.0,0.0,0.0,0.0,0.0,0.0,0.0,0.0,0.0
512,0.775,0.0,0.0,0.0,0.0,0.0,0.0,0.0,0.0,0.0
513,0.175,0.0,0.0,0.0,0.0,0.0,0.0,0.0,0.0,0.0
514,0.05,0.0,0.0,0.0,0.0,0.0,0.0,0.0,0.0,0.0
515,0.475,345.0,1443.0,1.0,0.5,86.0,75.0,0.0,0.0,0.0
516,0.275,348.0,1456.0,1.0,0.5,86.0,75.0,0.0,0.0,0.0
517,0.2625,0.0,0.0,0.0,0.0,0.0,0.0,0.0,0.0,0.0
518,0.375,418.0,1749.0,10.41,0.79,77.68,70.54,4.29,0.21,0.084
519,0.275,415.0,1736.0,10.34,0.79,77.13,70.04,4.26,0.21,0.084
520,0.7875,414.0,1732.0,10.29,0.77,77.02,69.97,4.2,0.21,0.084
521,0.3,0.0,0.0,0.0,0.0,0.0,0.0,0.0,0.0,0.0
522,0.275,252.0,1054.0,0.0,0.0,63.0,0.0,0.0,0.0,0.0
523,0.475,390.0,1632.0,7.0,4.5,70.0,42.0,7.0,0.975,0.39
524,0.175,0.0,0.0,0.0,0.0,0.0,0.0,0.0,0.0,0.0
525,0.3625,419.0,1753.0,0.0,0.8,0.0,87.7,0.6,0.01,0.004
526,0.275,411.0,1720.0,6.42,3.53,87.86,81.67,0.03,0.1,0.04
527,0.0625,0.0,0.0,0.0,0.0,0.0,0.0,0.0,0.0,0.0
528,0.375,512.0,2142.0,0.25,0.02,0.0,0.0,0.0,0.0,0.0
529,0.375,783.0,3276.0,86.67,53.04,0.12,0.0,0.66,0.85,0.34
530,0.275,688.0,2879.0,76.0,46.0,0.08,0.0,0.45,0.25,0.1
531,0.5875,720.0,3012.0,80.0,48.96,0.0,0.0,0.0,0.25,0.1
532,0.7875,411.0,1720.0,6.42,3.53,87.86,81.67,0.03,0.1,0.04
533,0.3625,575.0,2406.0,0.0,2.9,0.0,50.3,9.5,0.003,0.0012
534,0.275,50.0,209.0,31.0,14.0,57.0,55.0,5.8,0.15,0.06
535,0.275,550.0,2301.0,36.7,22.4,45.1,41.3,5.7,0.02,0.008
536,0.275,580.0,2427.0,38.0,32.0,58.0,58.0,3.0,0.5,0.2
537,0.275,580.0,2427.0,38.0,32.0,58.0,58.0,3.0,0.0,0.0
538,0.475,580.0,2427.0,38.0,32.0,58.0,58.0,3.0,0.5,0.2
539,0.175,0.0,0.0,0.0,0.0,0.0,0.0,0.0,0.0,0.0
540,0.275,260.0,1088.0,0.0,0.0,67.0,65.0,0.0,0.0,0.0
541,0.275,527.0,2205.0,30.1,18.6,56.7,55.7,7.5,0.22,0.088
542,0.275,393.0,1644.0,4.8,3.3,87.1,84.7,0.0,0.12,0.048
543,0.275,393.0,1644.0,4.8,3.3,87.1,84.7,0.0,12.0,4.8
544,0.475,393.0,1644.0,4.8,3.3,87.1,84.7,0.0,0.12,0.048
545,0.175,0.0,0.0,0.0,0.0,0.0,0.0,0.0,0.0,0.0
546,0.3875,393.0,1644.0,4.8,3.3,87.1,84.7,0.0,0.12,0.048
547,0.375,393.0,1644.0,4.8,3.3,87.1,84.7,0.0,0.12,0.048
548,0.375,393.0,1644.0,4.8,3.3,87.1,84.7,0.0,0.12393,0.049572
549,0.4875,392.0,1640.0,0.0,0.0,96.5,96.2,1.5,0.0,0.0
550,0.475,392.0,1640.0,0.0,0.0,96.5,96.5,1.5,0.0,0.0
551,0.275,469.0,1962.0,23.0,0.6,62.0,23.0,3.2,0.4,0.16
552,0.4875,431.0,1803.0,24.0,13.0,49.0,20.0,3.6,0.4,0.16
553,0.275,581.0,2431.0,43.04,26.27,38.13,36.29,8.21,0.0,0.0
554,0.475,588.0,2460.0,40.92,23.64,45.32,43.67,7.52,0.7,0.28
555,0.275,530.0,2218.0,40.4,24.74,28.74,24.61,7.16,0.75,0.3
556,0.175,0.0,0.0,0.0,0.0,0.0,0.0,0.0,0.0,0.0
557,0.275,555.0,2322.0,34.0,3.0,51.0,44.0,8.0,0.0,0.0
558,0.275,566.0,2368.0,38.0,2.6,44.0,41.0,7.4,0.01,0.004
559,0.3625,0.0,0.0,0.0,0.0,0.0,0.0,0.0,0.0,0.0
560,0.275,459.0,1920.0,18.0,7.7,66.0,50.0,5.8,0.09,0.036
561,0.275,379.0,1586.0,3.4,0.5,80.6,53.9,5.1,0.24,0.096
562,0.275,368.0,1540.0,2.1,0.3,75.0,15.0,10.0,0.24,0.096
563,0.1625,0.0,0.0,0.0,0.0,0.0,0.0,0.0,0.0,0.0
564,0.2625,0.0,0.0,0.0,0.0,0.0,0.0,0.0,0.0,0.0
565,0.4,111.0,464.0,222.0,0.0,222.0,12.0,12.0,0.0,0.0
566,0.2625,0.0,0.0,0.0,0.0,0.0,0.0,0.0,0.0,0.0
567,0.375,283.83,1188.0,8.0,2.36,36.73,3.25,8.81,1.05,0.42
568,0.375,79.0,331.0,0.9,0.2,14.0,0.2,3.0,0.0,0.0
569,0.2,0.0,0.0,0.0,0.0,0.0,0.0,0.0,0.0,0.0
570,0.275,282.0,1180.0,15.0,6.2,0.5,0.1,29.0,2.0,0.8
571,0.975,128.0,536.0,6.0,1.0,50.0,19.0,7.0,0.0,0.0
572,0.475,549.0,2297.0,37.0,20.0,39.0,36.0,9.0,0.06,0.024
573,0.275,21.0,88.0,0.0,0.0,4.8,0.4,0.2,2.04,0.816
574,0.7875,0.0,0.0,0.0,0.0,0.0,0.0,0.0,0.0,0.0
575,0.3,0.0,0.0,0.0,0.0,0.0,0.0,0.0,0.0,0.0
576,0.2625,0.0,0.0,0.0,0.0,0.0,0.0,0.0,0.0,0.0
577,0.475,812.0,3397.0,89.6,40.19,0.36,0.02,0.98,0.362,0.1448
578,0.2,0.0,0.0,0.0,0.0,0.0,0.0,0.0,0.0,0.0
579,0.3625,0.0,0.0,0.0,0.0,0.0,0.0,0.0,0.0,0.0
580,0.375,0.0,0.0,0.0,0.0,58.0,58.0,0.0,0.0,0.0
581,0.3625,0.0,0.0,0.0,0.0,0.0,0.0,0.0,0.0,0.0
582,0.2,0.0,0.0,0.0,0.0,0.0,0.0,0.0,0.0,0.0
583,0.3625,0.0,0.0,0.0,0.0,0.0,0.0,0.0,0.0,0.0
584,0.4625,0.0,0.0,0.0,0.0,0.0,0.0,0.0,0.0,0.0
585,0.6875,240.0,1004.0,1.6,0.3,47.0,0.2,8.3,1.14,0.456
586,0.3625,0.0,0.0,0.0,0.0,0.0,0.0,0.0,0.0,0.0
587,0.2,0.0,0.0,0.0,0.0,0.0,0.0,0.0,0.0,0.0
588,0.2,0.0,0.0,0.0,0.0,0.0,0.0,0.0,0.0,0.0
589,0.2,0.0,0.0,0.0,0.0,0.0,0.0,0.0,0.0,0.0
590,0.1625,0.0,0.0,0.0,0.0,0.0,0.0,0.0,0.0,0.0
591,0.3,607.142857142857,2540.0,46.4285714285714,8.92857142857143,32.1428571428571,7.14285714285714,17.8571428571429,0.0,0.0
592,0.2,0.0,0.0,0.0,0.0,0.0,0.0,0.0,0.0,0.0
593,0.3,0.0,0.0,0.0,0.0,0.0,0.0,0.0,0.0,0.0
594,0.3625,0.0,0.0,0.0,0.0,0.0,0.0,0.0,0.0,0.0
595,0.4625,0.0,0.0,0.0,0.0,0.0,0.0,0.0,0.0,0.0
596,0.4625,0.0,0.0,0.0,0.0,0.0,0.0,0.0,0.0,0.0
597,0.7875,315.0,1335.0,0.0,0.0,73.0,70.0,2.0,0.03,0.012
598,0.2,0.0,0.0,0.0,0.0,0.0,0.0,0.0,0.0,0.0
599,0.375,511.0,2138.0,24.6,11.5,63.3,35.4,7.9,0.547,0.2188
600,0.275,557.0,2330.0,38.0,19.0,44.0,43.0,10.0,0.23,0.092
601,0.375,402.0,1682.0,5.2,0.4,2.4,1.9,4.3,10.0,4.0
602,0.2,0.0,0.0,0.0,0.0,0.0,0.0,0.0,0.0,0.0
603,0.05,0.0,0.0,0.0,0.0,0.0,0.0,0.0,0.0,0.0
604,0.375,151.0,632.0,7.2,3.5,10.0,1.8,11.0,1.4,0.56
605,0.275,242.0,1013.0,0.0,0.0,60.0,59.0,0.0,0.0,0.0
606,0.9875,0.0,0.0,0.0,0.0,0.0,0.0,0.0,0.0,0.0
607,0.4,364.0,1523.0,16.88,10.39,44.16,5.19,7.79,1.08966,0.435864
608,0.4,370.0,1548.0,15.74,3.7,47.22,25.93,6.48,0.72898,0.291592
609,0.4,277.0,1159.0,4.26,0.53,51.06,2.13,9.57,1.27,0.508
610,0.4,347.0,1452.0,20.0,10.67,33.33,2.67,8.0,1.4224,0.56896
611,0.4,320.0,1339.0,16.0,9.33,38.67,9.33,5.33,1.15062,0.460248
612,0.4,425.0,1778.0,17.7,8.85,61.95,37.17,3.54,0.56134,0.224536
613,0.5,365.0,1527.0,1.18,0.0,71.76,4.71,12.94,1.19634,0.478536
614,0.4,459.0,1920.0,25.88,15.29,52.94,30.59,3.53,0.4191,0.16764
615,0.4,494.0,2067.0,22.35,9.41,67.06,28.24,8.24,1.70434,0.681736
616,0.4,446.0,1866.0,21.43,8.93,60.71,35.71,3.57,0.68072,0.272288
617,0.5,418.0,1749.0,21.76,5.29,51.76,32.94,5.88,0.6731,0.26924
618,0.4,353.0,1477.0,15.88,2.94,45.88,25.88,6.47,0.762,0.3048
619,0.4,225.0,941.0,0.0,0.0,42.86,0.0,7.14,1.36144,0.544576
620,0.4,276.0,1155.0,13.82,6.5,39.02,23.58,1.63,0.47498,0.189992
621,0.4,446.0,1866.0,21.43,8.93,60.71,32.14,3.57,0.99822,0.399288
622,0.4,400.0,1674.0,22.35,11.76,45.88,18.82,4.71,0.77724,0.310896
623,0.5,388.0,1623.0,22.35,11.76,42.35,15.29,4.71,0.80772,0.323088
624,0.4,398.0,1665.0,18.52,4.63,52.78,32.41,6.48,0.8001,0.32004
625,0.4,375.0,1569.0,21.43,10.71,48.21,21.43,1.79,0.40894,0.163576
626,0.4,433.0,1812.0,23.33,13.33,45.0,11.67,8.33,1.05918,0.423672
627,0.4,390.0,1632.0,18.64,3.39,50.85,22.03,6.78,0.81788,0.327152
628,0.4,281.0,1176.0,3.51,0.0,52.63,0.0,8.77,1.78308,0.713232
629,0.575,642.0,2686.0,50.0,9.0,18.0,0.0,30.0,0.0,0.0
630,0.275,310.0,1297.0,13.0,9.5,41.0,37.0,6.0,0.19,0.076
631,0.0625,0.0,0.0,0.0,0.0,0.0,0.0,0.0,0.0,0.0
632,0.0625,0.0,0.0,0.0,0.0,0.0,0.0,0.0,0.0,0.0
633,0.0625,0.0,0.0,0.0,0.0,0.0,0.0,0.0,0.0,0.0
634,0.175,0.0,0.0,0.0,0.0,0.0,0.0,0.0,0.0,0.0
635,0.2625,0.0,0.0,0.0,0.0,0.0,0.0,0.0,0.0,0.0
636,0.275,418.0,1749.0,17.0,10.0,61.0,46.0,4.2,0.43,0.172
637,0.8875,0.0,2257.0,33.3,21.1,53.8,51.5,4.7,0.09,0.036
638,0.4,506.0,2117.0,22.35,9.41,68.24,29.41,8.24,1.70434,0.681736
639,0.4,696.0,2912.0,39.29,23.21,80.36,46.43,5.36,0.635,0.254
640,0.15,0.0,0.0,0.0,0.0,0.0,0.0,0.0,0.0,0.0
641,0.375,485.0,2029.0,48.2,20.0,4.4,0.9,9.2,1.46,0.584
642,0.175,0.0,0.0,0.0,0.0,0.0,0.0,0.0,0.0,0.0
643,0.375,173.0,724.0,1.9,0.3,26.2,3.2,8.8,1.22,0.488
644,0.275,0.0,0.0,0.0,0.0,0.0,0.0,0.0,0.0,0.0
645,0.275,283.0,1184.0,1.1,0.2,59.0,2.9,8.3,1.6,0.64
646,0.275,283.0,1184.0,1.1,0.2,59.0,2.9,8.3,1.6,0.64
647,0.275,249.0,1042.0,1.2,0.3,48.0,2.2,9.1,1.1,0.44
648,0.275,203.0,849.0,1.1,0.2,38.0,1.2,7.3,1.2,0.48
649,0.275,0.0,0.0,0.0,0.0,0.0,0.0,0.0,0.0,0.0
650,0.275,283.0,1184.0,1.1,0.2,59.0,2.9,8.3,1.6,0.64
651,0.275,383.0,1602.0,13.0,7.8,57.0,15.0,8.7,1.3,0.52
652,0.175,0.0,0.0,0.0,0.0,0.0,0.0,0.0,0.0,0.0
653,0.375,341.0,1427.0,17.0,9.9,43.0,14.0,4.3,0.89,0.356
654,0.175,0.0,0.0,0.0,0.0,0.0,0.0,0.0,0.0,0.0
655,0.275,277.0,1159.0,15.0,4.3,31.0,19.0,3.5,0.46,0.184
656,0.175,0.0,0.0,0.0,0.0,0.0,0.0,0.0,0.0,0.0
657,0.275,0.0,0.0,0.0,0.0,0.0,0.0,0.0,0.0,0.0
658,0.3875,417.0,1745.0,24.0,10.0,44.0,17.0,6.1,1.7,0.68
659,0.375,551.0,2305.0,34.0,5.2,53.0,51.0,6.7,0.1,0.04
660,0.7875,0.0,0.0,0.0,0.0,0.0,0.0,0.0,0.0,0.0
661,0.275,418.0,1749.0,23.0,15.0,44.0,12.0,7.4,1.2,0.48
662,0.475,0.0,0.0,0.0,0.0,0.0,0.0,0.0,0.38,0.152
663,0.3,0.0,0.0,0.0,0.0,0.0,0.0,0.0,0.0,0.0
664,0.275,388.0,1623.0,3.2,1.1,92.0,75.0,2.5,0.45,0.18
665,0.275,407.0,1703.0,3.2,1.1,92.0,75.0,2.5,0.6,0.24
666,0.275,0.0,0.0,0.0,0.0,0.0,0.0,0.0,0.0,0.0
667,0.275,388.0,1623.0,0.5,0.1,97.0,70.0,0.5,0.0,0.0
668,0.275,654.0,2736.0,65.2,2.6,13.7,0.0,15.2,2.0,0.8
669,0.15,0.0,0.0,0.0,0.0,0.0,0.0,0.0,0.0,0.0
670,0.275,436.0,1824.0,27.0,13.0,40.0,12.0,7.9,0.82,0.328
671,0.275,311.0,1301.0,15.0,9.7,38.0,16.0,4.9,0.92,0.368
672,0.375,275.0,1151.0,1.5,0.2,55.0,5.1,9.4,0.61,0.244
673,0.2875,242.0,1013.0,8.4,4.3,35.0,16.0,6.5,0.46,0.184
674,0.2875,0.0,0.0,0.0,0.0,0.0,0.0,0.0,0.0,0.0
675,0.7875,0.0,1284.0,7.0,3.6,54.2,44.0,3.9,0.2,0.08
676,0.7875,0.0,1284.0,7.0,3.6,54.2,44.0,3.9,0.199898,0.0799592
677,0.2,0.0,0.0,0.0,0.0,0.0,0.0,0.0,0.0,0.0
678,0.3,500.0,2090.0,24.3,0.0,62.9,0.0,7.14,0.0,0.0
679,0.3,64.0,268.0,0.0,0.0,11.8,1.2,1.9,0.667,0.267
680,0.375,437.0,1828.0,19.7,1.7,55.2,50.09,8.0,0.05,0.02
681,0.275,43.0,180.0,0.0,0.0,10.699999809265,10.10000038147,0.10000000149012,0.0,0.0
682,0.2625,269.0,1125.0,83.0,16.0,1.6,1.6,14.0,2.0,0.8
683,0.8875,250.0,1046.0,0.0,0.0,95.0,0.0,0.0,0.0,0.0
684,0.7875,0.0,0.0,0.0,0.0,0.0,0.0,0.0,0.0,0.0
685,0.1625,0.0,0.0,0.0,0.0,0.0,0.0,0.0,0.0,0.0
686,0.4625,0.0,0.0,0.0,0.0,0.0,0.0,0.0,0.0,0.0
687,0.3625,1.0,4.0,0.0,0.0,0.2,0.0,0.1,0.0,0.0
688,0.6875,0.0,0.0,0.0,0.0,0.0,0.0,0.0,0.0,0.0
689,0.3875,220.0,920.0,12.0,8.0,27.0,19.0,2.0,0.0,0.0
690,0.8625,220.0,920.0,35.0,32.0,23.0,5.0,0.0,0.7,0.28
691,0.275,500.0,2092.0,31.0,10.0,57.0,50.0,10.0,15.0,6.0
692,0.275,512.0,2142.0,27.9,16.3,60.5,44.2,7.0,0.6,0.24
693,0.275,106.0,444.0,22.0,8.0,22.0,22.0,5.0,0.6,0.24
694,0.3,0.0,0.0,0.0,0.0,0.0,0.0,0.0,0.0,0.0
695,0.475,500.0,2092.0,31.0,10.7,57.1,50.0,11.9,2.2,0.88
696,0.275,219.0,916.0,8.5,1.0,19.0,0.9,16.0,1.1,0.44
697,0.375,145.0,607.0,13.0,1.0,3.5,2.0,2.0,0.8,0.32
698,0.275,336.0,1406.0,27.7,16.6,1.9,0.12,19.7,1.9,0.76
699,0.2625,264.0,1105.0,8.4,0.2,62.5,40.3,6.8,1.0,0.4
700,0.375,78.0,326.0,2.4,1.4,2.0,2.0,12.0,2.4,0.96
701,0.4875,221.0,925.0,13.5,4.5,14.0,1.1,8.3,0.52,0.208
702,0.2,0.0,0.0,0.0,0.0,0.0,0.0,0.0,0.0,0.0
703,0.2875,383.0,1602.0,21.0,14.0,40.0,6.9,6.8,0.91,0.364
704,0.4625,30.0,126.0,0.2,0.1,4.9,4.7,0.9,1.6,0.64
705,0.2,0.0,0.0,0.0,0.0,0.0,0.0,0.0,0.0,0.0
706,0.2625,26.0,109.0,0.2,0.1,4.0,3.8,0.9,1.3,0.52
707,0.8875,563.0,2360.0,30.5,18.8,51.6,51.6,0.0,2.23,0.892
708,0.25,25.0,105.0,5.0,1.0,85.0,5.0,5.0,8.0,3.2
709,0.7875,0.0,177.0,0.0,0.0,10.4,10.4,0.0,0.0254,0.01016
710,0.175,0.0,0.0,0.0,0.0,0.0,0.0,0.0,0.0,0.0
711,0.275,282.0,1180.0,4.6,0.5,47.6,3.3,10.3,1.46,0.584
712,0.375,319.0,1335.0,11.8,7.8,0.8,0.28,28.8,2.13,0.852
713,0.175,0.0,0.0,0.0,0.0,0.0,0.0,0.0,0.0,0.0
714,0.1625,0.0,0.0,0.0,0.0,0.0,0.0,0.0,0.0,0.0
715,0.1625,0.0,0.0,0.0,0.0,0.0,0.0,0.0,0.0,0.0
716,0.0625,0.0,0.0,0.0,0.0,0.0,0.0,0.0,0.0,0.0
717,0.275,435.0,1820.0,16.0,10.0,66.0,55.0,5.9,0.67,0.268
718,0.3,312.75,1309.0,7.53000020980835,3.32999992370605,52.0800018310547,8.77999973297119,7.80000019073486,0.0,0.0
719,0.1625,0.0,0.0,0.0,0.0,0.0,0.0,0.0,0.0,0.0
720,0.3625,0.0,0.0,0.0,0.0,0.0,0.0,0.0,0.0,0.0
721,0.2625,0.0,0.0,0.0,0.0,0.0,0.0,0.0,0.0,0.0
722,0.1625,0.0,0.0,0.0,0.0,0.0,0.0,0.0,0.0,0.0
723,0.1625,0.0,0.0,0.0,0.0,0.0,0.0,0.0,0.0,0.0
724,0.1625,0.0,0.0,0.0,0.0,0.0,0.0,0.0,0.0,0.0
725,0.075,0.0,0.0,0.0,0.0,0.0,0.0,0.0,0.0,0.0
726,0.275,339.0,1418.0,0.1,0.0,83.0,70.0,0.39,0.0,0.0
727,0.1625,0.0,0.0,0.0,0.0,0.0,0.0,0.0,0.0,0.0
728,0.275,68.0,285.0,0.2,0.1,25.2,21.5,0.6,1.5,0.6
729,0.2875,293.0,1226.0,23.5,1.8,18.5,17.0,1.3,1.5,0.6
730,0.8875,293.0,1226.0,23.8,1.8,18.5,17.0,1.3,1.7,0.68
731,0.375,266.0,1113.0,0.0,0.0,65.9,59.0,0.1,0.1,0.04
732,0.4625,260.0,1088.0,0.0,0.0,64.8,64.8,0.2,0.0,0.0
733,0.375,298.0,1247.0,0.1,0.0,71.9,65.0,0.5,0.03,0.012
734,0.275,260.0,1088.0,0.0,0.0,62.0,56.0,0.6,0.03,0.012
735,0.4,0.0,0.0,0.0,0.0,0.0,0.0,0.0,2.38252,0.953008
736,0.575,408.0,1707.0,37.0,4.0,17.0,12.0,1.7,2.2,0.88
737,0.2625,219.0,916.0,13.0,1.0,23.7,20.8,0.9,2.0,0.8
738,0.3625,195.0,816.0,12.0,12.0,13.0,0.7,6.8,8.5,3.4
739,0.4,0.0,1640.0,0.0,0.0,0.0,0.0,0.0,0.0,0.0
740,0.3625,0.0,0.0,0.0,0.0,0.0,0.0,0.0,0.0,0.0
741,0.1625,0.0,0.0,0.0,0.0,0.0,0.0,0.0,0.0,0.0
742,0.4,0.0,180.0,0.0,0.0,0.0,0.0,0.0,0.0,0.0
743,0.4,0.0,1.0,0.0,0.0,0.0,0.0,0.0,0.0,0.0
744,0.575,43.0,180.0,0.1,0.0001,10.7,10.7,0.0,0.0,0.0
745,0.6875,0.0,0.0,0.0,0.0,0.0,0.0,0.0,0.0,0.0
746,0.375,184.75143,773.0,0.64,0.12,43.43,20.57,0.83,0.0,0.0
747,0.675,0.0,0.0,0.0,0.0,0.0,0.0,0.0,0.0,0.0
748,0.275,0.0,0.0,0.1,0.1,97.0,0.0,0.1,0.0,0.0
749,0.275,0.0,0.0,0.0,0.0,0.0,0.0,0.0,0.0,0.0
750,0.2625,0.0,0.0,0.0,0.0,0.0,0.0,0.0,0.0,0.0
751,0.2625,0.0,0.0,0.0,0.0,0.0,0.0,0.0,0.0,0.0
752,0.275,586.0,2452.0,42.5,32.7,37.8,32.7,9.3,0.02,0.008
753,0.2625,0.0,0.0,0.0,0.0,0.0,0.0,0.0,0.0,0.0
754,0.1625,0.0,0.0,0.0,0.0,0.0,0.0,0.0,0.0,0.0
755,0.275,344.0,1439.0,0.8,0.1,74.7,1.1,8.6,0.0,0.0
756,0.275,349.0,1460.0,2.6,0.2,64.0,1.0,13.3,0.03,0.012
757,0.6875,358.0,1498.0,3.5,0.6,72.2,0.9,13.0,0.01,0.004
758,0.3625,0.0,0.0,0.0,0.0,0.0,0.0,0.0,0.0,0.0
759,0.275,419.0,1753.0,15.4,2.7,56.3,10.1,11.9,0.0,0.0
760,0.3,268.0,1121.0,17.0,7.0,1.3,1.0,28.0,0.0,0.0
761,0.3625,0.0,0.0,0.0,0.0,0.0,0.0,0.0,0.0,0.0
762,0.275,367.0,1536.0,20.0,14.0,40.0,35.0,5.6,0.1,0.04
763,0.375,420.0,1757.0,18.0,8.0,60.0,28.0,6.0,0.625,0.25
764,0.375,0.0,0.0,0.0,0.0,0.0,0.0,0.0,0.0,0.0
765,0.0625,0.0,0.0,0.0,0.0,0.0,0.0,0.0,0.0,0.0
766,0.475,108.0,452.0,6.5,2.9,6.2,3.6,5.5,0.9,0.36
767,0.6875,81.0,339.0,0.9,0.1,0.1,0.1,18.3,0.3,0.12
768,0.5875,168.0,703.0,10.3,1.4,0.0,0.0,18.9,0.1,0.04
769,0.5875,137.0,573.0,3.1,1.6,24.0,0.8,2.2,1.0,0.4
770,0.475,201.0,841.0,10.0,0.8,24.0,1.0,2.5,1.3,0.52
771,0.375,49.0,205.0,0.4,0.1,9.2,8.4,1.0,0.2,0.08
772,0.2,0.0,0.0,0.0,0.0,0.0,0.0,0.0,0.0,0.0
773,0.275,112.0,469.0,4.9,2.2,11.4,1.6,5.0,0.8,0.32
774,0.875,198.0,828.0,7.2,1.0,17.6,0.5,15.3,1.8,0.72
775,0.275,230.0,962.0,9.9,3.3,25.5,2.8,8.5,1.2,0.48
776,0.2,0.0,0.0,0.0,0.0,0.0,0.0,0.0,0.0,0.0
777,0.1,0.0,0.0,0.0,0.0,0.0,0.0,0.0,0.0,0.0
778,0.4875,108.0,452.0,2.5,0.4,9.3,1.5,11.8,1.0,0.4
779,0.275,190.0,795.0,9.6,8.2,19.0,12.8,5.2,0.25,0.1
780,0.275,149.0,623.0,5.6,2.7,16.1,2.8,7.8,1.3,0.52
781,0.2,0.0,0.0,0.0,0.0,0.0,0.0,0.0,0.0,0.0
782,0.275,77.0,322.0,1.2,0.5,9.7,2.5,6.1,0.82,0.328
783,0.775,126.0,527.0,6.3,2.3,10.5,1.5,6.5,0.79,0.316
784,0.375,305.0,1276.0,16.3,1.6,32.5,0.6,6.5,0.53,0.212
785,0.375,382.0,1598.0,24.1,11.2,33.0,3.5,7.2,1.0,0.4
786,0.275,72.0,301.0,0.8,0.2,4.8,4.2,11.0,1.0,0.4
787,0.275,188.0,787.0,9.0,0.8,23.0,1.0,2.5,1.2,0.48
788,0.275,203.0,849.0,5.9,3.5,26.9,2.6,8.4,1.0,0.4
789,0.5875,162.0,678.0,6.6,1.7,17.0,3.7,8.2,0.73,0.292
790,0.375,194.0,812.0,8.1,1.6,21.2,1.6,8.3,1.2,0.48
791,0.2625,211.0,883.0,15.0,7.2,3.2,0.5,15.0,0.5,0.2
792,0.375,109.0,456.0,3.3,1.2,2.0,0.01,17.7,0.1,0.04
793,0.275,200.0,837.0,11.9,4.2,1.9,0.1,21.3,1.1,0.44
794,0.375,103.0,431.0,4.0,0.5,0.3,0.3,20.0,1.4,0.56
795,0.5875,278.0,1163.0,17.0,7.0,24.0,1.6,5.9,1.5,0.6
796,0.375,591.0,2473.0,8.9,6.1,12.0,3.0,2.8,0.8,0.32
797,0.275,64.0,268.0,2.1,0.9,8.6,3.6,1.5,0.7,0.28
798,0.4875,51.0,213.0,2.5,1.2,4.1,2.4,1.6,0.5,0.2
799,0.175,0.0,0.0,0.0,0.0,0.0,0.0,0.0,0.0,0.0
800,0.275,138.0,577.0,11.0,6.3,6.0,2.0,3.4,0.77,0.308
801,0.275,176.0,736.0,14.9,8.1,4.4,1.4,4.8,0.76,0.304
802,0.275,111.0,464.0,7.6,1.1,4.3,2.0,4.7,0.32,0.128
803,0.375,270.0,1130.0,10.5,7.4,35.1,16.5,2.1,0.1,0.04
804,0.375,403.0,1686.0,28.2,18.46,29.4,24.3,6.1,0.36,0.144
805,0.375,243.0,1017.0,18.0,1.9,16.0,2.9,2.9,0.75,0.3
806,0.275,190.0,795.0,10.3,2.3,8.8,0.5,14.8,1.3,0.52
807,0.275,188.0,787.0,6.0,2.5,24.0,0.6,9.0,1.1,0.44
808,0.275,245.0,1025.0,7.4,0.6,37.6,1.1,5.6,1.0,0.4
809,0.275,266.0,1113.0,7.9,0.7,49.9,2.2,6.2,1.3,0.52
810,0.3875,173.0,724.0,0.4,0.1,3.3,1.0,4.1,0.1,0.04
811,0.275,58.0,243.0,0.6,0.2,6.0,0.6,3.8,0.1,0.04
812,0.3875,375.0,1569.0,22.6,11.3,37.2,28.2,4.6,0.1,0.04
813,0.2,0.0,0.0,0.0,0.0,0.0,0.0,0.0,0.0,0.0
814,0.2,0.0,0.0,0.0,0.0,0.0,0.0,0.0,0.0,0.0
815,0.275,121.0,506.0,2.0,0.4,12.0,1.2,13.0,1.2,0.48
816,0.275,244.0,1021.0,14.6,9.8,20.3,2.8,6.9,1.1,0.44
817,0.475,273.0,1142.0,9.5,1.1,32.3,1.7,10.5,1.3,0.52
818,0.775,326.0,1364.0,20.3,13.0,31.0,30.2,3.5,0.2,0.08
819,0.475,237.0,992.0,14.0,9.4,20.0,1.0,7.3,1.0,0.4
820,0.375,258.0,1079.0,17.0,11.0,18.0,1.0,7.5,0.83,0.332
821,0.275,211.0,883.0,12.0,7.3,20.0,2.0,5.2,1.1,0.44
822,0.275,385.0,1611.0,24.6,7.4,31.0,6.5,8.9,1.5,0.6
823,0.475,155.0,649.0,8.0,1.3,13.2,2.4,5.4,0.42,0.168
824,0.3875,255.0,1067.0,16.0,11.0,19.0,1.2,6.8,0.91,0.364
825,0.275,264.0,1105.0,18.0,12.0,18.0,0.9,6.7,1.0,0.4
826,0.275,243.0,1017.0,12.0,8.3,25.0,1.8,7.4,1.0,0.4
827,0.275,226.0,946.0,14.0,9.1,17.0,1.4,7.8,1.0,0.4
828,0.375,151.0,632.0,9.4,6.7,5.3,1.1,10.6,0.86,0.344
829,0.275,172.0,720.0,13.0,9.3,6.7,1.2,6.8,0.88,0.352
830,0.275,167.0,699.0,13.0,8.2,3.0,0.8,6.5,0.74,0.296
831,0.4875,300.0,1255.0,16.5,8.1,24.6,4.2,12.2,1.42,0.568
832,0.275,325.0,1360.0,20.4,11.0,22.09,4.1,11.8,1.69,0.676
833,0.2625,330.0,1381.0,18.6,7.7,27.6,1.7,11.7,1.8,0.72
834,0.4875,130.0,544.0,7.4,4.3,9.4,2.1,6.3,0.58,0.232
835,0.375,169.0,707.0,11.0,3.8,10.3,2.6,6.8,0.6,0.24
836,0.5875,140.0,586.0,11.0,5.5,5.1,0.6,4.6,4.9,1.96
837,0.275,159.0,665.0,2.5,1.5,29.0,1.3,3.7,1.1,0.44
838,0.275,162.0,678.0,8.0,2.7,1.7,0.1,20.8,0.32,0.128
839,0.375,206.0,862.0,15.0,4.2,1.7,1.7,16.0,1.1,0.44
840,0.275,198.0,828.0,4.2,3.0,36.0,15.8,3.5,0.29,0.116
841,0.475,246.0,1029.0,8.0,4.9,40.0,25.0,3.3,0.13,0.052
842,0.375,275.0,1151.0,10.9,6.0,39.1,17.3,4.6,0.6,0.24
843,0.1625,0.0,0.0,0.0,0.0,0.0,0.0,0.0,0.0,0.0
844,0.075,0.0,0.0,0.0,0.0,0.0,0.0,0.0,0.0,0.0
845,0.1625,0.0,0.0,0.0,0.0,0.0,0.0,0.0,0.0,0.0
846,0.175,0.0,0.0,0.0,0.0,0.0,0.0,0.0,0.0,0.0
847,0.7875,292.0,1222.0,0.5,0.10000000149012,65.0,51.0,2.0,0.0,0.0
848,0.5875,245.0,1025.0,10.9,1.7,22.4,1.5,13.9,1.42,0.568
849,0.275,285.0,1192.0,13.2,7.3,26.0,7.3,15.1,1.28,0.512
850,0.2625,0.0,0.0,0.0,0.0,0.0,0.0,0.0,0.0,0.0
851,0.3625,0.0,0.0,0.0,0.0,0.0,0.0,0.0,0.0,0.0
852,0.4,0.0,0.0,0.0,0.0,0.0,0.0,0.0,0.0,0.0
853,0.9875,0.0,144.0,0.9,0.0,2.9,2.5,3.6,0.0,0.0
854,0.275,2.5641025641026,11.0,7.6923076923077,3.8461538461538,17.948717948718,10.25641025641,64.102564102564,0.8974358974359,0.35897435897436
855,0.2625,0.0,0.0,0.0,0.0,0.0,0.0,0.0,0.0,0.0
856,0.1625,0.0,0.0,0.0,0.0,0.0,0.0,0.0,0.0,0.0
857,0.375,234.0,979.0,12.0,2.8,18.0,0.6,13.0,1.4,0.56
858,0.175,0.0,0.0,0.0,0.0,0.0,0.0,0.0,0.0,0.0
859,0.275,60.0,251.0,0.0,0.0,14.0,14.0,0.0,0.0,0.0
860,0.4625,0.0,0.0,0.0,0.0,0.0,0.0,0.0,0.0,0.0
861,0.4,0.0,0.0,0.0,0.0,0.0,0.0,0.0,0.0,0.0
862,0.4,0.0,2278.0,0.0,0.0,0.0,0.0,0.0,0.0,0.0
863,0.7625,521.0,2180.0,27.0,9.5,60.7,47.1,7.2,0.559,0.2236
864,0.475,2.0,8.0,2.0,1.0,0.5,0.5,34.0,4.3,1.72
865,0.3875,828.0,3464.0,92.0,14.0,0.0,0.0,0.0,0.0,0.0
866,0.3,425.0,1780.0,7.5,1.25,75.0,0.0,15.0,0.0,0.0
867,0.3,343.0,1430.0,0.0,0.0,62.9,2.86,25.7,0.0,0.0
868,0.275,526.0,2201.0,27.0,15.0,60.0,27.0,8.2,0.69,0.276
869,0.6875,545.0,2280.0,32.0,20.0,57.0,56.0,6.1,0.18,0.072
870,0.175,0.0,0.0,0.0,0.0,0.0,0.0,0.0,0.0,0.0
871,0.175,0.0,0.0,0.0,0.0,0.0,0.0,0.0,0.0,0.0
872,0.9875,0.0,320.0,3.5,0.0,7.5,0.0,3.6,0.0,0.0
873,0.275,470.0,1966.0,42.2,10.8,11.4,0.15,8.7,2.5,1.0
874,0.1625,0.0,0.0,0.0,0.0,0.0,0.0,0.0,0.0,0.0
875,0.575,260.0,1088.0,0.5,0.1,30.0,1.2,34.0,10.8,4.32
876,0.5875,102.0,427.0,0.1,0.1,23.2,22.8,1.2,1.8,0.72
877,0.8875,102.0,427.0,0.1,0.1,23.2,22.8,1.2,1.8,0.72
878,0.7875,0.0,177.0,0.0,0.0,10.4,10.4,0.0,0.1,0.04
879,0.1625,0.0,0.0,0.0,0.0,0.0,0.0,0.0,0.0,0.0
880,0.1,0.0,0.0,0.0,0.0,0.0,0.0,0.0,0.0,0.0
881,0.275,361.0,1510.0,13.0,7.88,52.5,25.9,7.35,0.27,0.108
882,0.275,269.0,1125.0,1.8,0.53,52.6,2.6,9.0,1.44,0.576
883,0.4625,0.0,0.0,0.0,0.0,0.0,0.0,0.0,0.0,0.0
884,0.275,0.0,0.0,0.0,0.0,0.0,0.0,0.0,0.0,0.0
885,0.275,400.0,1674.0,7.5,2.5,42.5,17.5,40.0,1.75,0.7
886,0.4,0.0,0.0,0.0,0.0,0.0,0.0,0.0,0.0,0.0
887,0.275,271.0,1134.0,4.1,0.4,46.0,2.3,9.6,1.44,0.576
888,0.375,1.965,8.0,5.2,2.2,0.7,0.3,6.6,1.9,0.76
889,0.375,375.0,1569.0,25.0,8.2,2.5,1.3,35.0,3.4,1.36
890,0.275,97.0,406.0,5.0,2.5,7.0,7.0,4.0,1.5,0.6
891,0.375,317.0,1326.0,21.8,14.5,24.8,22.5,4.6,0.11,0.044
892,0.1,0.0,0.0,0.0,0.0,0.0,0.0,0.0,0.0,0.0
893,0.4875,0.0,0.0,0.0,0.0,0.0,0.0,0.0,0.0,0.0
894,0.275,264.0,1105.0,5.0,1.0,40.0,3.0,30.0,1.0,0.4
895,0.275,264.0,1105.0,5.0,0.6,40.5,3.1,10.0,1.2,0.48
896,0.275,453.125,1896.0,18.75,9.375,60.9375,3.125,9.375,0.5859375,0.234375
897,0.4875,380.0,1590.0,1.0,0.2,0.7,0.7,92.0,0.5,0.2
898,0.8875,442.0,1852.0,22.0,2.6,54.0,25.0,6.4,0.53,0.212
899,0.2,0.0,0.0,0.0,0.0,0.0,0.0,0.0,0.0,0.0
900,0.2625,0.0,0.0,0.0,0.0,0.0,0.0,0.0,0.0,0.0
901,0.1625,0.0,0.0,0.0,0.0,0.0,0.0,0.0,0.0,0.0
902,0.2625,0.0,0.0,0.0,0.0,0.0,0.0,0.0,0.0,0.0
903,0.3625,0.0,0.0,0.0,0.0,0.0,0.0,0.0,0.0,0.0
904,0.4625,0.0,0.0,0.0,0.0,0.0,0.0,0.0,0.0,0.0
905,0.3625,39.0,163.0,0.5,0.100000001490116,6.5,1.5,1.5,0.0,0.0
906,0.375,465.0,1946.0,28.0,13.8,46.5,18.0,6.0,0.649,0.2596
907,0.2875,0.0,0.0,0.0,0.0,0.0,0.0,0.0,0.0,0.0
908,0.6875,617.0,2582.0,48.0,10.0,36.0,32.0,8.0,0.01,0.004
909,0.2625,399.0,1669.0,2.0,0.1,95.0,89.0,0.3,0.0,0.0
910,0.2625,0.0,0.0,0.0,0.0,0.0,0.0,0.0,0.0,0.0
911,0.275,0.0,0.0,0.0,0.0,0.0,0.0,0.0,0.0,0.0
912,0.3,377.0,1577.0,22.7000007629395,12.289999961853,2.40000009536743,0.200000002980232,40.5,0.0,0.0
913,0.375,377.0,1577.0,22.7,12.29,2.4,0.2,40.5,3.85,1.54
914,0.0625,0.0,0.0,0.0,0.0,0.0,0.0,0.0,0.0,0.0
915,0.1625,0.0,0.0,0.0,0.0,0.0,0.0,0.0,0.0,0.0
916,0.475,171.0,715.0,12.0,6.8,3.5,1.4,12.0,1.6,0.64
917,0.3,1630.0,6820.0,7.5,2.5,66.0,22.2999992370605,9.60000038146973,0.0,0.0
918,0.175,0.0,0.0,0.0,0.0,0.0,0.0,0.0,0.0,0.0
919,0.475,377.0,1577.0,22.7,12.29,2.4,0.2,40.5,0.25,0.1
920,0.5,0.0,0.0,0.0,0.0,70.0,0.0,0.0,0.75,0.3
921,0.5,0.0,0.0,0.0,0.0,1.47,0.0,0.0,0.01,0.004
922,0.4,0.0,0.0,0.0,0.0,53.33,0.0,0.0,0.0,0.0
923,0.375,0.0,0.0,0.0,0.0,60.0,0.0,0.0,1.0,0.4
924,0.4,267.0,1117.0,0.0,0.0,60.0,0.0,66.67,0.33782,0.135128
925,0.5,0.0,0.0,0.0,0.0,60.0,0.0,66.67,0.33782,0.135128
926,0.5,0.0,0.0,0.0,0.0,2.67,0.0,0.0,0.0,0.0
927,0.5,0.0,0.0,0.0,0.0,3.33,0.0,0.0,0.0,0.0
928,0.5,0.0,0.0,0.0,0.0,3.33,0.0,0.0,0.0,0.0
929,0.4,0.0,0.0,0.0,0.0,3.33,0.0,0.0,0.0,0.0
930,0.5,0.0,0.0,0.0,0.0,0.0,0.0,0.0,0.0,0.0
931,0.5,0.0,0.0,0.0,0.0,3.33,0.0,0.0,0.0,0.0
932,0.5,0.0,0.0,0.0,0.0,100.0,0.0,0.0,0.0,0.0
933,0.2625,0.0,0.0,0.0,0.0,0.0,0.0,0.0,0.0,0.0
934,0.3,0.0,0.0,0.0,0.0,0.0,0.0,0.0,0.0,0.0
935,0.1625,0.0,0.0,0.0,0.0,0.0,0.0,0.0,0.0,0.0
936,0.4,0.0,0.0,0.0,0.0,0.0,0.0,0.0,0.0,0.0
937,0.2,357.142857142857,1494.0,21.4285714285714,0.0,39.2857142857143,0.0,7.14285714285714,0.0,0.0
938,0.275,120.0,502.0,0.0,0.0,5.0,5.0,0.0,0.0,0.0
939,0.275,150.0,628.0,8.3333333333333,5.0,3.3333333333333,3.3333333333333,16.666666666667,0.79166666666667,0.316666666666668
940,0.275,66.666666666667,279.0,2.0833333333333,1.4583333333333,8.75,8.75,3.3333333333333,0.125,0.05
941,0.275,714.28571428571,2989.0,78.571428571429,50.0,0.0,0.0,0.0,0.0,0.0
942,0.275,45.833333333333,192.0,1.25,0.83333333333333,5.0,5.0,3.3333333333333,0.109375,0.04375
943,0.275,79.166666666667,331.0,1.25,0.83333333333333,13.333333333333,12.5,3.3333333333333,0.11979166666667,0.047916666666668
944,0.275,269.23076923077,1126.0,5.7692307692308,2.8846153846154,38.461538461538,38.461538461538,15.384615384615,0.48076923076922,0.192307692307688
945,0.0625,0.0,0.0,0.0,0.0,0.0,0.0,0.0,0.0,0.0
946,0.275,95.0,397.0,4.0,3.0,6.5,2.5,8.0,0.575,0.23
947,0.275,70.588235294118,295.0,3.5294117647059,2.0588235294118,7.0588235294118,5.2941176470588,3.5294117647059,0.13970588235294,0.055882352941176
948,0.1625,0.0,0.0,0.0,0.0,0.0,0.0,0.0,0.0,0.0
949,0.375,116.66666666667,488.0,3.3333333333333,1.6666666666667,3.3333333333333,3.3333333333333,16.666666666667,0.79166666666667,0.316666666666668
950,0.275,488.0,2042.0,26.60000038147,15.5,55.799999237061,38.400001525879,5.1999998092651,0.58999997377396,0.235999989509584
951,0.275,36.619718309859,153.0,0.0,0.0,8.7323943661972,8.7323943661972,0.0,0.0,0.0
952,0.375,253.52112676056,1061.0,19.718309859155,8.4507042253521,0.0,0.0,18.30985915493,0.12323943661972,0.049295774647888
953,0.2,232.142857142857,971.0,10.7142857142857,3.75,0.0,0.0,32.1428571428571,0.0,0.0
954,0.375,169.64285714286,710.0,9.8214285714286,4.0178571428571,0.0,0.0,19.642857142857,0.16741071428572,0.066964285714288
955,0.275,419.0,1753.0,6.0,0.0,91.2,91.2,0.0,0.0,0.0
956,0.1625,0.0,0.0,0.0,0.0,0.0,0.0,0.0,0.0,0.0
957,0.3,300.0,1255.0,0.555999994277954,0.0,69.0,0.0,3.0,0.0,0.0
958,0.375,750.0,3138.0,75.0,6.8181818181818,0.0,0.0,15.909090909091,0.11363636363636,0.045454545454544
959,0.5,857.0,3586.0,100.0,7.14,0.0,0.0,0.0,0.0,0.0
960,0.275,0.14084507042254,1.0,0.0,0.0,0.0,0.0,0.0,0.0,0.0
961,0.475,656.25,2746.0,53.125,4.6875,18.75,6.25,21.875,0.0,0.0
962,0.45,643.0,2690.0,71.43,10.71,0.0,0.0,0.0,1.785,0.714
963,0.5,571.0,2389.0,57.14,10.71,0.0,0.0,0.0,1.34,0.536
964,0.2625,266.666666666667,1116.0,33.3333333333333,0.0,10.0,0.0,66.6666666666667,0.0,0.0
965,0.1625,0.0,0.0,0.0,0.0,0.0,0.0,0.0,0.0,0.0
966,0.275,380.95238095238,1594.0,4.7619047619048,2.3809523809524,40.47619047619,14.285714285714,40.47619047619,1.0714285714286,0.42857142857144
967,0.3625,0.0,0.0,0.0,0.0,0.0,0.0,0.0,0.0,0.0
968,0.375,362.1,1515.0,10.3,9.0,60.9,56.5,5.0,0.0,0.0
969,0.2,26.0,109.0,0.0,0.0,0.0,0.0,0.0,0.0,0.0
970,0.2,32.0,134.0,0.8,0.5,5.2,1.5,0.7,0.71,0.284
971,0.2,20.0,84.0,0.4,0.1,3.1,0.5,0.6,0.86,0.344
972,0.2,26.0,109.0,0.4,0.2,4.5,1.7,0.7,0.7,0.28
973,0.1,41.0,172.0,1.9,0.5,4.6,1.1,0.8,0.69,0.276
974,0.2,30.0,126.0,1.0,0.6,4.1,1.6,0.6,0.67,0.268
975,0.1625,0.0,0.0,0.0,0.0,0.0,0.0,0.0,0.0,0.0
976,0.475,436.0,1824.0,13.3,1.4,71.8,0.0,0.0,1.6,0.64
977,0.0625,0.0,0.0,0.0,0.0,0.0,0.0,0.0,0.0,0.0
978,0.175,0.0,0.0,0.0,0.0,0.0,0.0,0.0,0.0,0.0
979,0.2625,0.0,0.0,0.0,0.0,0.0,0.0,0.0,0.0,0.0
980,0.3625,164.0,686.0,0.699999988079071,0.200000002980232,33.2000007629395,0.699999988079071,5.5,0.0,0.0
981,0.375,5.0,21.0,0.1,0.04,1.1,0.81,0.1,0.0,0.0
982,0.15,0.0,0.0,0.0,0.0,0.0,0.0,0.0,0.0,0.0
983,0.275,538.95,2255.0,32.78,2.8,55.06,46.19,3.77,0.1,0.04
984,0.0625,0.0,0.0,0.0,0.0,0.0,0.0,0.0,0.0,0.0
985,0.3,336.0,1406.0,29.0,13.0,0.6,0.3,18.0,0.0,0.0
986,0.4875,0.0,2380.0,43.6,3.4,17.3,4.9,23.8,0.00575,0.0023
987,0.6625,0.0,0.0,0.0,0.0,0.0,0.0,0.0,0.0,0.0
988,0.375,0.0,0.0,0.0,0.0,0.0,0.0,0.0,0.0,0.0
989,0.1625,0.0,0.0,0.0,0.0,0.0,0.0,0.0,0.0,0.0
990,0.3,368.421052631579,1541.0,31.5789473684211,18.4210526315789,0.0,0.0,26.3157894736842,0.0,0.0
991,0.0625,0.0,0.0,0.0,0.0,0.0,0.0,0.0,0.0,0.0
992,0.1875,0.0,0.0,0.0,0.0,0.0,0.0,0.0,0.0,0.0
993,0.1625,0.0,0.0,0.0,0.0,0.0,0.0,0.0,0.0,0.0
994,0.4,263.0,1100.0,3.51,0.0,52.63,8.77,7.02,1.71,0.684
995,0.1625,0.0,0.0,0.0,0.0,0.0,0.0,0.0,0.0,0.0
996,0.5,228.0,954.0,2.63,0.0,47.37,8.77,5.26,1.4025,0.561
997,0.3,137.0,573.0,5.19999980926514,0.0,21.6000003814697,0.0,0.899999976158142,0.0,0.0
998,0.1,0.0,0.0,0.0,0.0,0.0,0.0,0.0,0.0,0.0
999,0.1,0.0,0.0,0.0,0.0,0.0,0.0,0.0,0.0,0.0
